date_utc,block,tx_hash,type,from_label,to_label,amount_BYKO,amount_USDC,price,note
2026-08-02 06:13:41,49430937,0xeac11a3210328c21d1c96bb1c7dafbfdcb2f4a51b510049fa3cdf232b64b9378,MINT,ZERO/mint,BYKO Deployer,790227.000000,nd,nd,""
2026-08-02 10:48:05,49439169,0xc1ea5195a255df6ad0439b106fcd575a3e98fc2d43b3a94adb7935f45b3337f2,LP_ADD,BYKO Deployer,LP(BYKO/USDC),740227.000000,74.022700,0.00010000,"BYKO+USDC in"
2026-08-02 11:47:25,49440949,0xa2d3f3382629681397a66b21cd678e100647f950bddb9e7dfd45caff2d1e98f0,SWAP_BUY,LP(BYKO/USDC),external:0x7747f8d2a76bd6345cc29622a946a929647f2359,7776.319967,0.788252,0.00010137,""
2026-08-02 11:47:25,49440949,0xa2d3f3382629681397a66b21cd678e100647f950bddb9e7dfd45caff2d1e98f0,TRANSFER,external:0x7747f8d2a76bd6345cc29622a946a929647f2359,BYKO Buyer -r,7776.319967,nd,nd,""
2026-08-02 15:07:57,49446965,0x73c6e30e895997d98b04439e686864f2a01f8b7ac87761f977e1a0b3c0495d77,SWAP_BUY,LP(BYKO/USDC),external:0x09ad820aac5779683b481c4674208a4e1b024afa,8659.888283,0.897750,0.00010367,""
2026-08-02 15:07:57,49446965,0x73c6e30e895997d98b04439e686864f2a01f8b7ac87761f977e1a0b3c0495d77,TRANSFER,external:0x09ad820aac5779683b481c4674208a4e1b024afa,external:0x20f6ee51340adeed01a59b0e65cb3703f3dc860c,8659.888283,nd,nd,""
2026-08-02 15:07:57,49446965,0x73c6e30e895997d98b04439e686864f2a01f8b7ac87761f977e1a0b3c0495d77,TRANSFER,external:0x20f6ee51340adeed01a59b0e65cb3703f3dc860c,BYKO Deployer,8659.888283,nd,nd,""
2026-08-02 17:04:17,49450455,0xbb48d504cf979cac7da2fcbb713af1fed7e7bcdf4f082069453cab6539c4fcd6,SWAP_BUY,LP(BYKO/USDC),external:0x09ad820aac5779683b481c4674208a4e1b024afa,9385.046505,0.997500,0.00010629,""
2026-08-02 17:04:17,49450455,0xbb48d504cf979cac7da2fcbb713af1fed7e7bcdf4f082069453cab6539c4fcd6,TRANSFER,external:0x09ad820aac5779683b481c4674208a4e1b024afa,external:0x20f6ee51340adeed01a59b0e65cb3703f3dc860c,9385.046505,nd,nd,""
2026-08-02 17:04:17,49450455,0xbb48d504cf979cac7da2fcbb713af1fed7e7bcdf4f082069453cab6539c4fcd6,TRANSFER,external:0x20f6ee51340adeed01a59b0e65cb3703f3dc860c,BYKO Ops,9385.046505,nd,nd,""
2026-08-03 20:49:59,49500426,0x9bfd2a4a4ba5a51bb5329747294de9085b133ee677e1d4f410df7739bdf01d4a,SWAP_BUY,LP(BYKO/USDC),external:0x09ad820aac5779683b481c4674208a4e1b024afa,9144.779182,0.997500,0.00010908,""
2026-08-03 20:49:59,49500426,0x9bfd2a4a4ba5a51bb5329747294de9085b133ee677e1d4f410df7739bdf01d4a,TRANSFER,external:0x09ad820aac5779683b481c4674208a4e1b024afa,external:0x20f6ee51340adeed01a59b0e65cb3703f3dc860c,9144.779182,nd,nd,""
2026-08-03 20:49:59,49500426,0x9bfd2a4a4ba5a51bb5329747294de9085b133ee677e1d4f410df7739bdf01d4a,TRANSFER,external:0x20f6ee51340adeed01a59b0e65cb3703f3dc860c,BYKO Buyer -r,9144.779182,nd,nd,""
2026-08-04 14:05:07,49531480,0xcec0deaadb1f2efd13ae4ca17c5c92d56b276bba7ff5b2c358b9090c49775d7b,SWAP_BUY,LP(BYKO/USDC),external:0x09ad820aac5779683b481c4674208a4e1b024afa,8913.621900,0.997500,0.00011191,""
2026-08-04 14:05:07,49531480,0xcec0deaadb1f2efd13ae4ca17c5c92d56b276bba7ff5b2c358b9090c49775d7b,TRANSFER,external:0x09ad820aac5779683b481c4674208a4e1b024afa,external:0x20f6ee51340adeed01a59b0e65cb3703f3dc860c,8913.621900,nd,nd,""
2026-08-04 14:05:07,49531480,0xcec0deaadb1f2efd13ae4ca17c5c92d56b276bba7ff5b2c358b9090c49775d7b,TRANSFER,external:0x20f6ee51340adeed01a59b0e65cb3703f3dc860c,BYKO Ops,8913.621900,nd,nd,""
2026-08-04 14:06:09,49531511,0x8aa2af97e124a465712758411cf3fbbe140675ad22f76d6108716ca5a53a6efd,SWAP_BUY,LP(BYKO/USDC),external:0x09ad820aac5779683b481c4674208a4e1b024afa,4372.848714,0.498750,0.00011406,""
2026-08-04 14:06:09,49531511,0x8aa2af97e124a465712758411cf3fbbe140675ad22f76d6108716ca5a53a6efd,TRANSFER,external:0x09ad820aac5779683b481c4674208a4e1b024afa,external:0x20f6ee51340adeed01a59b0e65cb3703f3dc860c,4372.848714,nd,nd,""
2026-08-04 14:06:09,49531511,0x8aa2af97e124a465712758411cf3fbbe140675ad22f76d6108716ca5a53a6efd,TRANSFER,external:0x20f6ee51340adeed01a59b0e65cb3703f3dc860c,BYKO Deployer,4372.848714,nd,nd,""
2026-08-05 11:11:15,49569464,0x51ce0066afb0f5cd1d3ccbc7eac71d361423e865bf72acb866e3f8c4f7dfcfe8,SWAP_BUY,LP(BYKO/USDC),external:0x111111125421ca6dc452d289314280a0f8842a65,867.989316,0.099750,0.00011492,""
2026-08-05 11:11:15,49569464,0x51ce0066afb0f5cd1d3ccbc7eac71d361423e865bf72acb866e3f8c4f7dfcfe8,TRANSFER,external:0x111111125421ca6dc452d289314280a0f8842a65,BYKO Deployer,867.989316,nd,nd,""
2026-08-05 11:12:41,49569507,0x47c338e1a7afd18d93d1a72cc78d88fb2ed516eeadbf4253ca5f5fd9f4eed426,SWAP_BUY,LP(BYKO/USDC),external:0x6a2754867af13749ec3f1974e072f8bdb6e9f993,8508.612963,0.991250,0.00011650,""
2026-08-05 11:12:41,49569507,0x47c338e1a7afd18d93d1a72cc78d88fb2ed516eeadbf4253ca5f5fd9f4eed426,TRANSFER,external:0x6a2754867af13749ec3f1974e072f8bdb6e9f993,external:0x0a2854fbbd9b3ef66f17d47284e7f899b9509330,8508.612963,nd,nd,""
2026-08-05 11:12:41,49569507,0x47c338e1a7afd18d93d1a72cc78d88fb2ed516eeadbf4253ca5f5fd9f4eed426,TRANSFER,external:0x0a2854fbbd9b3ef66f17d47284e7f899b9509330,BYKO Deployer,8508.612963,nd,nd,""
2026-08-05 20:09:59,49585626,0x4313e25ba4c57a15e2c3c9d0df069a6ac8401c38c280d96774a615cc1f2e44f3,SWAP_BUY,LP(BYKO/USDC),external:0x7747f8d2a76bd6345cc29622a946a929647f2359,9383.172505,1.122188,0.00011960,""
2026-08-05 20:09:59,49585626,0x4313e25ba4c57a15e2c3c9d0df069a6ac8401c38c280d96774a615cc1f2e44f3,TRANSFER,external:0x7747f8d2a76bd6345cc29622a946a929647f2359,BYKO Buyer -r,9383.172505,nd,nd,""
2026-08-06 12:57:15,49615844,0xcb7b7b5201d896eb5cf1cdcc82203edb70b277ee57f76c1d2288598eaeb73e0d,SWAP_BUY,LP(BYKO/USDC),external:0x09ad820aac5779683b481c4674208a4e1b024afa,29796.447577,3.780525,0.00012688,""
2026-08-06 12:57:15,49615844,0xcb7b7b5201d896eb5cf1cdcc82203edb70b277ee57f76c1d2288598eaeb73e0d,TRANSFER,external:0x09ad820aac5779683b481c4674208a4e1b024afa,external:0x20f6ee51340adeed01a59b0e65cb3703f3dc860c,29796.447577,nd,nd,""
2026-08-06 12:57:15,49615844,0xcb7b7b5201d896eb5cf1cdcc82203edb70b277ee57f76c1d2288598eaeb73e0d,TRANSFER,external:0x20f6ee51340adeed01a59b0e65cb3703f3dc860c,BYKO Buyer -r,29796.447577,nd,nd,""
2026-08-06 13:45:51,49617302,0xd99cd6366c11c03f56ee547ee3d5d57c65c6769b4bd1ccd322087c4dd894a665,TRANSFER,BYKO Deployer,BYKO Ops,10.000000,nd,nd,""
2026-08-07 03:25:35,49641894,0x1503e4c5a2468b9ea6aa77b2728f36860048a008937322cf592cb94b7ff21eaa,SWAP_BUY,LP(BYKO/USDC),BYKO Buyer -r,35147.797516,4.935630,0.00014043,""
2026-08-07 12:02:31,49657402,0xb4bb4668ab2cf49b1c30cfcb39c99bf04a32874f513c1f36d52144301cdab0cb,TRANSFER,BYKO Ops,external:0xcd6b980029e6e6e0733ac8ec3e02be9410d09799,0.771671,nd,nd,""
2026-08-07 12:02:31,49657402,0xb4bb4668ab2cf49b1c30cfcb39c99bf04a32874f513c1f36d52144301cdab0cb,SWAP_SELL,BYKO Ops,LP(BYKO/USDC),307.896729,0.045437,0.00014757,""
2026-08-07 12:02:31,49657402,0xb4bb4668ab2cf49b1c30cfcb39c99bf04a32874f513c1f36d52144301cdab0cb,LP_REMOVE,LP(BYKO/USDC),external:0xa3c0941c0cf83c44e162617fad3e465206823a61,0.923690,0.045437,0.04919074,"BYKO+USDC out"
2026-08-07 12:59:17,49659105,0x064530a324c0503b9bb803f1447ebb7a3f23c7fafed97bce6727cfc3ea924653,TRANSFER,BYKO Ops,BYKO Deployer,18000.000004,nd,nd,""
2026-08-07 16:00:55,49664554,0x649a5a7868d96bca927291f4e45188d428d2c64e9d35f993950afe9a53e09b60,TRANSFER,BYKO Deployer,BYKOVAS,90000.000000,nd,nd,""
2026-08-07 16:49:17,49666005,0xb631b75b7edce041b37a3f0650cfde0d0a966018a98a20622b839429d8f234c3,TRANSFER,BYKO Buyer -r,BYKO Buyer,91244.516747,nd,nd,""
2026-08-07 17:10:51,49666652,0xdf47f39d700328b95f0d123efb228c6869f44d22244efb1c0a4ac9b6d5204d80,SWAP_BUY,LP(BYKO/USDC),external:0x7747f8d2a76bd6345cc29622a946a929647f2359,6648.739927,0.997500,0.00015003,""
2026-08-07 17:10:51,49666652,0xdf47f39d700328b95f0d123efb228c6869f44d22244efb1c0a4ac9b6d5204d80,TRANSFER,external:0x7747f8d2a76bd6345cc29622a946a929647f2359,BYKO Ops,6648.739927,nd,nd,""
2026-08-07 18:53:09,49669721,0xf404eddc6c67d6b82514b18d8ff62fc67af9312e37a5b8c76350e7c1e0ff223d,SWAP_BUY,LP(BYKO/USDC),external:0x09ad820aac5779683b481c4674208a4e1b024afa,6456.645662,0.990000,0.00015333,""
2026-08-07 18:53:09,49669721,0xf404eddc6c67d6b82514b18d8ff62fc67af9312e37a5b8c76350e7c1e0ff223d,TRANSFER,external:0x09ad820aac5779683b481c4674208a4e1b024afa,external:0x20f6ee51340adeed01a59b0e65cb3703f3dc860c,6456.645662,nd,nd,""
2026-08-07 18:53:09,49669721,0xf404eddc6c67d6b82514b18d8ff62fc67af9312e37a5b8c76350e7c1e0ff223d,TRANSFER,external:0x20f6ee51340adeed01a59b0e65cb3703f3dc860c,external:0x1231deb6f5749ef6ce6943a275a1d3e7486f4eae,6456.645662,nd,nd,""
2026-08-07 18:53:09,49669721,0xf404eddc6c67d6b82514b18d8ff62fc67af9312e37a5b8c76350e7c1e0ff223d,TRANSFER,external:0x1231deb6f5749ef6ce6943a275a1d3e7486f4eae,BYKOVAS,6456.645662,nd,nd,""
2026-08-07 20:14:59,49672176,0x00dcaa2dced54d8b932ad229b00c1f419e6a8af759d124e49f3de20cf4fbc8de,TRANSFER,BYKO Deployer,BYKOVAS,399.339280,nd,nd,""
2026-08-07 20:16:15,49672214,0xdc86cf084fc8b0b34ba160afa5653e5be84f1d902798d2e7a3fc64f4ee5d6625,TRANSFER,BYKO Buyer -r,BYKOVAS,4.000000,nd,nd,""
2026-08-08 04:00:37,49686145,0x702df532904e74a6a3aef2f5c099ae6732114380a0be84e0ee52599898fac870,TRANSFER,BYKOVAS,BYKO Deployer,45000.000000,nd,nd,""
2026-08-08 04:11:03,49686458,0x6b156bb97ec526ef8166769078b5bc22d5496fd884de5f4e14cd159ea860392f,SWAP_BUY,LP(BYKO/USDC),external:0x7747f8d2a76bd6345cc29622a946a929647f2359,6429.948722,1.007475,0.00015668,""
2026-08-08 04:11:03,49686458,0x6b156bb97ec526ef8166769078b5bc22d5496fd884de5f4e14cd159ea860392f,TRANSFER,external:0x7747f8d2a76bd6345cc29622a946a929647f2359,BYKO Buyer,6429.948722,nd,nd,""
2026-08-08 17:05:35,49709694,0xe8b1540bf20c98a42b17ff0ca37721dbfd29b92d435bce2a2f52953a2ad9c4a9,SWAP_BUY,LP(BYKO/USDC),external:0x09ad820aac5779683b481c4674208a4e1b024afa,1870.050933,0.297150,0.00015890,""
2026-08-08 17:05:35,49709694,0xe8b1540bf20c98a42b17ff0ca37721dbfd29b92d435bce2a2f52953a2ad9c4a9,TRANSFER,external:0x09ad820aac5779683b481c4674208a4e1b024afa,external:0x20f6ee51340adeed01a59b0e65cb3703f3dc860c,1870.050933,nd,nd,""
2026-08-08 17:05:35,49709694,0xe8b1540bf20c98a42b17ff0ca37721dbfd29b92d435bce2a2f52953a2ad9c4a9,TRANSFER,external:0x20f6ee51340adeed01a59b0e65cb3703f3dc860c,external:0x1231deb6f5749ef6ce6943a275a1d3e7486f4eae,1870.050933,nd,nd,""
2026-08-08 17:05:35,49709694,0xe8b1540bf20c98a42b17ff0ca37721dbfd29b92d435bce2a2f52953a2ad9c4a9,TRANSFER,external:0x1231deb6f5749ef6ce6943a275a1d3e7486f4eae,BYKO Buyer,1870.050933,nd,nd,""
2026-08-08 19:28:09,49713971,0x88e37ed79493bbd2cd76fbd066e932054a317f37f48fb29f32dbe5c0adc4ea8b,SWAP_BUY,LP(BYKO/USDC),external:0x7747f8d2a76bd6345cc29622a946a929647f2359,230.027342,0.036682,0.00015947,""
2026-08-08 19:28:09,49713971,0x88e37ed79493bbd2cd76fbd066e932054a317f37f48fb29f32dbe5c0adc4ea8b,TRANSFER,external:0x7747f8d2a76bd6345cc29622a946a929647f2359,BYKO Buyer,230.027342,nd,nd,""
2026-08-09 03:45:15,49728884,0xe86c7865a4b67854e57d1071060b8101155228ff10ee5432aea54d7ee0351333,TRANSFER,BYKOVAS,external:0xcd6b980029e6e6e0733ac8ec3e02be9410d09799,27.500000,nd,nd,""
2026-08-09 03:45:15,49728884,0xe86c7865a4b67854e57d1071060b8101155228ff10ee5432aea54d7ee0351333,SWAP_SELL,BYKOVAS,LP(BYKO/USDC),10972.500000,1.708127,0.00015567,""
2026-08-09 03:45:15,49728884,0xe86c7865a4b67854e57d1071060b8101155228ff10ee5432aea54d7ee0351333,LP_REMOVE,LP(BYKO/USDC),external:0xa3c0941c0cf83c44e162617fad3e465206823a61,32.917500,1.708127,0.05189115,"BYKO+USDC out"
2026-08-09 13:26:13,49746313,0x7ddd2a4edc99af2d31d842da5258555085b9a56b91fbe4b9dcce5b0f1389f8d8,SWAP_BUY,LP(BYKO/USDC),BYKOVAS,8178.751924,1.274891,0.00015588,""
2026-08-09 13:27:13,49746343,0xc4683356bc05af11524ba374602234dd8f6d1be5b53a5f2c118aa724a0d5e3f3,SWAP_BUY,LP(BYKO/USDC),BYKOVAS,7047.543364,1.127268,0.00015995,""
2026-08-09 13:28:13,49746373,0xbb390ff3de7bd271869690398cd339939adbec97a7aa74dc85ba1f400b771e89,SWAP_BUY,LP(BYKO/USDC),BYKOVAS,7930.255828,1.301517,0.00016412,""
2026-08-09 13:29:13,49746403,0xe4f4c9dd273ab2b4a55402d1725a7d23d8db3b95c48f4ad50aa2532fffe0d722,SWAP_BUY,LP(BYKO/USDC),BYKOVAS,7540.596031,1.271322,0.00016860,""
2026-08-09 14:21:33,49747973,0x1df9c57b213e5247d12fad582b32c62f37978868141dd0cc4fe2c0abc42c72af,SWAP_BUY,LP(BYKO/USDC),BYKOVAS,7826.927036,1.355851,0.00017323,""
2026-08-09 15:17:17,49749645,0xbddd5a4c20b447947a39b032acdd65844112c0d40f1a3cdd74e3bb1fa8e6a877,SWAP_BUY,LP(BYKO/USDC),BYKOVAS,6148.957099,1.092088,0.00017761,""
2026-08-09 16:21:37,49751575,0xa80fbe39b0c71df57a6d108e9c6ba54998028da63fe616cad9de4a6d635c94ea,SWAP_BUY,LP(BYKO/USDC),BYKOVAS,7228.456653,1.315268,0.00018196,""
2026-08-09 17:21:13,49753363,0x85fe9ce06211b98b3c3fbf06fa01a0c97a05bcefb8ca5a2249fe5cbc7b75a2d5,SWAP_BUY,LP(BYKO/USDC),BYKOVAS,6494.561544,1.211791,0.00018659,""
2026-08-09 19:44:19,49757656,0x5d5febdf4d208e69e69664122e734c293ce6b5acb6e41547452eb7a1ba9093b2,TRANSFER,BYKOVAS,external:0xcd6b980029e6e6e0733ac8ec3e02be9410d09799,37.500000,nd,nd,""
2026-08-09 19:44:19,49757656,0x5d5febdf4d208e69e69664122e734c293ce6b5acb6e41547452eb7a1ba9093b2,SWAP_SELL,BYKOVAS,LP(BYKO/USDC),14962.500000,2.732899,0.00018265,""
2026-08-09 19:44:19,49757656,0x5d5febdf4d208e69e69664122e734c293ce6b5acb6e41547452eb7a1ba9093b2,LP_REMOVE,LP(BYKO/USDC),external:0xa3c0941c0cf83c44e162617fad3e465206823a61,44.887500,2.732899,0.06088330,"BYKO+USDC out"
2026-08-10 07:36:47,49779030,0x47794ad17570966cca867bd8a852036643356514b2ff849bf00b4c82f04a59e3,TRANSFER,BYKO Ops,external:0xcd6b980029e6e6e0733ac8ec3e02be9410d09799,15.371850,nd,nd,""
2026-08-10 07:36:47,49779030,0x47794ad17570966cca867bd8a852036643356514b2ff849bf00b4c82f04a59e3,SWAP_SELL,BYKO Ops,LP(BYKO/USDC),6133.368077,1.078223,0.00017580,""
2026-08-10 07:36:47,49779030,0x47794ad17570966cca867bd8a852036643356514b2ff849bf00b4c82f04a59e3,LP_REMOVE,LP(BYKO/USDC),external:0xa3c0941c0cf83c44e162617fad3e465206823a61,18.400104,1.078223,0.05859874,"BYKO+USDC out"
2026-08-10 09:30:43,49782448,0x88aba29fdbb3fa7fbfd3a393a60be2f126ff319326a430d9203518b51b0b3d23,TRANSFER,BYKO Deployer,BYKOVAS,45000.000000,nd,nd,""
2026-08-12 17:48:03,49883768,0xf8d1750a1418f57b49a9452c2a10b91a4f38246c3498651d1cd9b74031a58086,SWAP_BUY,LP(BYKO/USDC),external:0x7747f8d2a76bd6345cc29622a946a929647f2359,16600.544581,2.992500,0.00018027,""
2026-08-12 17:48:03,49883768,0xf8d1750a1418f57b49a9452c2a10b91a4f38246c3498651d1cd9b74031a58086,TRANSFER,external:0x7747f8d2a76bd6345cc29622a946a929647f2359,BYKO Buyer,16600.544581,nd,nd,""
2026-08-12 19:05:01,49886077,0x75ec9a12eb5d9729c79bc1849ca493f44453db1629c82fb463696873ef6ee804,SWAP_BUY,LP(BYKO/USDC),external:0x111111125421ca6dc452d289314280a0f8842a65,83.670670,0.015545,0.00018579,""
2026-08-12 19:05:01,49886077,0x75ec9a12eb5d9729c79bc1849ca493f44453db1629c82fb463696873ef6ee804,TRANSFER,external:0x111111125421ca6dc452d289314280a0f8842a65,W-F,83.670670,nd,nd,""
2026-08-12 20:17:55,49888264,0xe29e50f990ca0154e145edceae349082c854330ef9251ad48e9161f35bb583cc,SWAP_BUY,LP(BYKO/USDC),external:0x111111125421ca6dc452d289314280a0f8842a65,15944.429230,3.052350,0.00019144,""
2026-08-12 20:17:55,49888264,0xe29e50f990ca0154e145edceae349082c854330ef9251ad48e9161f35bb583cc,TRANSFER,external:0x111111125421ca6dc452d289314280a0f8842a65,BYKO Buyer -r,15944.429230,nd,nd,""
2026-08-12 20:21:07,49888360,0xde11499801bc7dd8f8b173ee34e40ee84fe48186be6114b171bd17cc17ae6d01,TRANSFER,BYKO Buyer -r,BYKOVAS,15944.429230,nd,nd,""
2026-08-12 20:24:13,49888453,0xd9c74b94d8d88d9e62ab43f407545600369aff214638ec0bdb96efc92c90d9e2,TRANSFER,W-F,BYKOVAS,83.670670,nd,nd,""
2026-08-14 18:53:47,49972140,0xdab21786967b6aba215726152c81255b6f279df59128d418c0be09d5f6cdebc1,SWAP_BUY,LP(BYKO/USDC),external:0x1231deb6f5749ef6ce6943a275a1d3e7486f4eae,45860.230225,9.905000,0.00021598,""
2026-08-14 18:53:47,49972140,0xdab21786967b6aba215726152c81255b6f279df59128d418c0be09d5f6cdebc1,TRANSFER,external:0x1231deb6f5749ef6ce6943a275a1d3e7486f4eae,external:0x30fd96c5ae61f0fb3d97e6159ab023710163efbf,45860.230225,nd,nd,""
2026-08-14 21:28:37,49976785,0x4b1a2aa103620cee29e6c31c0781280602990031c913b5f8555aae121ac093ff,TRANSFER,BYKO Ops,BYKOVAS,500.000000,nd,nd,""
2026-08-14 21:29:07,49976800,0x6380c423dc7b95166cdc0588a5850a8eb0c0fd1b7bba1ff1ed1d9de37241acec,TRANSFER,BYKO Buyer,BYKOVAS,116375.088326,nd,nd,""
2026-08-15 23:01:21,50022767,0xa67bd49c9da71b3af401d49973aaa4127ecd2a0aa6a91f557c173e681507f90b,SWAP_BUY,LP(BYKO/USDC),external:0x111111125421ca6dc452d289314280a0f8842a65,5420.719036,1.296750,0.00023922,""
2026-08-15 23:01:21,50022767,0xa67bd49c9da71b3af401d49973aaa4127ecd2a0aa6a91f557c173e681507f90b,TRANSFER,external:0x111111125421ca6dc452d289314280a0f8842a65,W-F,5420.719036,nd,nd,""
2026-08-15 23:03:25,50022829,0x24157945758505977c1fc0f724b1f5f3c5211173e26cbb6807d2b77dae6a4283,SWAP_BUY,LP(BYKO/USDC),external:0x7747f8d2a76bd6345cc29622a946a929647f2359,3072.237751,0.748125,0.00024351,""
2026-08-15 23:03:25,50022829,0x24157945758505977c1fc0f724b1f5f3c5211173e26cbb6807d2b77dae6a4283,TRANSFER,external:0x7747f8d2a76bd6345cc29622a946a929647f2359,W-C,3072.237751,nd,nd,""
2026-08-15 23:06:07,50022910,0x818c9771c81de222801806feeaea32b4534ba075112dc21172260acebcb078c7,SWAP_BUY,LP(BYKO/USDC),external:0x7747f8d2a76bd6345cc29622a946a929647f2359,3634.803860,0.897750,0.00024699,""
2026-08-15 23:06:07,50022910,0x818c9771c81de222801806feeaea32b4534ba075112dc21172260acebcb078c7,TRANSFER,external:0x7747f8d2a76bd6345cc29622a946a929647f2359,W-C,3634.803860,nd,nd,""
2026-08-15 23:07:59,50022966,0x8ee9487e9020fbc4d8c9a76dae813fba39233e3bc43eda00b5cc4d824e88515b,TRANSFER,BYKOVAS,W-E,146.785630,nd,nd,""
2026-08-15 23:09:05,50022999,0x2c8f3d3e6c0800d45754d8242231f66d35bb047dd82742607ea1481e66869cf7,TRANSFER,BYKOVAS,BYKO Deployer,227.000000,nd,nd,""
2026-08-15 23:10:27,50023040,0x22eddd48c20bbf53e8e2c3dbadcc8a9d5c5ba846d42d513333fea94437d53588,TRANSFER,BYKOVAS,W-E,3778.000000,nd,nd,""
2026-08-15 23:11:05,50023059,0x7f6ab79b0d3b5ae546c5d4cd9a8d082312b3bba01be30ae43a802be35bbcc0ef,TRANSFER,BYKOVAS,BYKO Deployer,227.000000,nd,nd,""
2026-08-16 06:24:43,50036068,0x0a0ee53e4bf5078b619274f3e1f8b6bb96e913fdb95abcb857abde6886f87fc8,SWAP_BUY,LP(BYKO/USDC),external:0x7747f8d2a76bd6345cc29622a946a929647f2359,3144.870005,0.788025,0.00025057,""
2026-08-16 06:24:43,50036068,0x0a0ee53e4bf5078b619274f3e1f8b6bb96e913fdb95abcb857abde6886f87fc8,TRANSFER,external:0x7747f8d2a76bd6345cc29622a946a929647f2359,BYKO Buyer,3144.870005,nd,nd,""
2026-08-16 06:25:43,50036098,0x77ea4910064a05acb9e45aca299fe4b7401675f325986e91e44b3ba4184e7733,SWAP_BUY,LP(BYKO/USDC),W-B,741.239830,0.187284,0.00025266,""
2026-08-16 07:15:19,50037586,0x6a3daa280065238fa1a35fb9ca53389ed4a0e9d6e90ffb7642357bb544260acf,TRANSFER,BYKOVAS,W-A,227.000000,nd,nd,""
2026-08-16 07:18:03,50037668,0xa7f23fbf2c58e7805aa1c9cfc4e5adf6e1d76ab5cd27604737d6b53a7fecda5f,TRANSFER,BYKOVAS,BYKO Ops,0.437017,nd,nd,""
2026-08-16 07:19:03,50037698,0x93377572b57c038b793098dd2ff9efaad15afcae1deef9b99d2ae2612179a697,TRANSFER,BYKOVAS,W-D,553.000000,nd,nd,""