address,amount,tx_hash,nonce,sent_at,error
0x07D851eB602905405E9900d843015692B1c30810,227,0x47feac15b95bf5e4101cd2cc3997a41b45ab478bef30c485b9c31a88bb418c2e,454,2026-08-18T20:06:37.037Z,
0x6655145ae40d912D84B0c003B708505ABac6DDFb,227,0xb37532529415ed6b2bbbef5379af11f6d2f167233c012339f7ae27663040ef8e,455,2026-08-18T20:06:37.621Z,
0xD4Bc64E31c8F216B07F0156B76FC06Da94b73d26,227,0xd88c2234149ecf8160c95bc7d9934f7276b325368e0132e672ca8738cbd9cfed,456,2026-08-18T20:06:38.169Z,
0xa65E2589Fc852f560a5EC5e1855E36Cb4Ada41EE,227,0xe7c2c5d21e1a3afd167f9c77a52af0e9ae38758eec0d430c34d95fb2c3d486b4,457,2026-08-18T20:06:38.703Z,
0xB117e4b25E9bA7294E108F5fD3f1eFc60B240050,227,0x418dafe09708da8710fd32a279609a21a5cfc064e6be552d933e9d211fec25ad,458,2026-08-18T20:06:39.238Z,
0x097e136f48188Db278c7323169c85c2743A658E4,227,0x18bd9a52a4961bf6087a3158eea8a3dde1e0f47451c7084d44dd959669b99e0f,459,2026-08-18T20:06:39.777Z,
0x18972F82Dffd661E774326A6275297923Ad1AC76,227,0xf858e1eb29f38d627d7365c904ec3f271c9b97f522652f3247ce627de501ce88,460,2026-08-18T20:06:40.322Z,
0x97C6D5B8dd11D05591b230642f9AA3B79080dDe7,227,0x9a9d5f821d5d4478acb5f0915b76ade9b5c2505b6087a1379f44cea27d013c87,461,2026-08-18T20:06:40.866Z,
0x4772A15B7fbF67aeb3E954d9ddbB8dD50147b077,227,0xfbbc6a992cb4ac2c87fd414596d37243f23216bec3fa86058c91a62c540a4ced,462,2026-08-18T20:06:41.391Z,
0x4ea1aC3958582FB64b1481DD5A4c8641165AeADC,227,0xdf814a835ebf6288b1cb17bb033d3141d7c20cbac8aa4784a11de18414e722e4,463,2026-08-18T20:06:41.929Z,
0x7E0E4552d4eD7F4b8Ba95D98F858A0E356220c0B,227,0xd4d105939a102fedfa9fb17b00b3cd3ca8ff3b001ef18f213058c0c815a64dc0,464,2026-08-18T20:06:42.454Z,
0x8D1508993B2B423c81421E720dc6b78279bC4B8B,227,0x8cfcdf85c35ea5fb1271a999784dbb55de71c0c7cddd9d6e12f009258427fea4,465,2026-08-18T20:06:42.996Z,
0x08d01ebaD78C6Dc1DfFC7c244d90C1143E906FEB,227,0x943ffed95dbc961da88d881ca253bcbbb7c58cd20b9f74b97cfe1a4ffb83108e,466,2026-08-18T20:06:43.529Z,
0xF51Fe86498b83538E902e160F2D80c34C7d6b816,227,0x0f5696600a59b95cbad01ddd0de254a782d8ce40047f60681e361df1d1412972,467,2026-08-18T20:06:44.083Z,
0xD3A4078D2601E12E426CC584224B56c9F15e83FA,227,0x4687c662bd77deac55d872a102ad0018433e3653bbd7820070d3d3443b647dee,468,2026-08-18T20:06:44.618Z,
0x4cC2C6E14c96AeD6E99087C4477E4708a5DB11a4,227,0xc95a3a9f15e9210205c1d899437350e6ea3984bb30a326da821d3124f829b8eb,469,2026-08-18T20:06:45.146Z,
0x7543Ae755256476F32ec2cB49C253C4e5d47B806,227,0xf558dd00ca3b3ddce5b21661a6bf9bea47aa72236bd6decede0ecae95783cbc3,470,2026-08-18T20:06:45.685Z,
0x36DcDBb4813D4868cfa7771ee84F5221c648A716,227,0x34f7c400274923a454e199f1e4f5747bccc5a5cb947fbf282f18d68f2ede964d,471,2026-08-18T20:06:46.235Z,
0x39D2ADc5e4157ba9a75E0dcd8FbE56A163DC0657,227,0x2750a5a935ba4d30266844a91d914d1d60329564f375f79562b481bc3fb10aa5,472,2026-08-18T20:06:46.763Z,
0xf65968fbf1894726EBb0106d9860e65dc855A476,227,0xedf2663229c7324e85324362b12642b0acd3717f313fee663c5f002aca5facf4,473,2026-08-18T20:06:47.287Z,
0x383376D6553897Bba6F25Eda99e7F319add69974,227,0x2be5ab0778cc8d5360ea40efefa786c5be3f018dbf0aacd26807a58b32790360,474,2026-08-18T20:06:47.834Z,
0xb6F4AE08901cEB98eb6535e4A1f12eCB14359b79,227,0xd8a630fe4e6a0c9892b808082910a7731a15b834fd890f680c4bdb9c31d0ca79,475,2026-08-18T20:06:48.366Z,
0x9f429B55532198750b78BbC9c54ccA7fc92267f2,227,0xf6b0d96b710a664bc13ede770224976ac46ed80872d73526d745cca0b231e820,476,2026-08-18T20:06:48.897Z,
0x95340b60C91a377704330B72e7E68954f22C66A6,227,0x32d0498f633d4018445b532148f7fc2f9da745d3dcb64deb734268b90936fd57,477,2026-08-18T20:06:49.436Z,
0xFcFe6C67Cf9699369b46aD9F7ac1BF6De340aE2a,227,0x99f398e1e9351c9359bf6bf9ed461434cf666b800ef4b2ed07282f7e5790830b,478,2026-08-18T20:06:49.980Z,
0xbc0d56377dFAaC08157348e709aF20c8F799Df37,227,0x63726d0590bfda5190abb52ea8050855011bc398b893ecc32147b705fb9d074a,479,2026-08-18T20:06:50.531Z,
0x40A1F1635572f520B83B4dc553965a0F4A4668E2,227,0x7ac1ec53b622ebde34c6c5cdc9211af1aa7879bc9b099faad42f001fa8fc5725,480,2026-08-18T20:06:51.063Z,
0x289CBe55a3D67bea6fA4F9499ab25a2787964b5F,227,0x26c2c1de82497ee63e0712aa401266f377438d3bdb8527c8d4c286a268fcebbd,481,2026-08-18T20:06:51.591Z,
0xAd0d70834f2AcA219662Fdb17E80253FFB99f596,227,0x16f2de3f4bf00ecd09c2784147dbae34f8729c0164b5e4ed3195f256c89a0b1c,482,2026-08-18T20:06:52.121Z,
0x5414f9922204475AcD3E78e33D012dDCB9737807,227,0xec7b48d8536b53b2712dcc486c1ac0b41c35b79382eb56b0cab0fbdc61dd9e1b,483,2026-08-18T20:06:52.651Z,
0xE805313B0144d1B56fE45e91284Be1F0E98B1AD9,227,0xdc3311cee9653e77c4d054558fd45487565248fb765f0a4d328db9e6f0eecb6c,484,2026-08-18T20:06:53.189Z,
0x88403A1C6B55104C9fADbD7dB7f0380c7C60B007,227,0x6d4e30054db91411bb7d5b16fc12c7a78589b5a86cc0453a5fbab88ae26021c9,485,2026-08-18T20:06:53.764Z,
0xF165eB5EDBC5e727B433C4dcF566846eE26d9c9f,227,0x496f3dcf98dc2648bd9e2cd196cddbf2e61328369639bb473432bed230fa7db7,486,2026-08-18T20:06:54.300Z,
0x6d6695Bf127c63D12C1c379aa77594C464202A6d,227,0xef3e55a027ebf194e5f53c772dc41d1e54771586f8f0b7c8127bf4ad88c71882,487,2026-08-18T20:06:54.830Z,
0xC8D9B774F920382e9b69900C9506e7126D3Ee899,227,0xe5ce5d38ef2a8bb6ec59c1f14af3ca3d3155bf2d6501eb752cc2165cd028b7cf,488,2026-08-18T20:06:55.362Z,
0x47f4Ca108251B5db01F840F1063DfA991b231a47,227,0xd4cd620f475ea6fffed98f8825c3e19cbc50b004c4a05f6202618a7db2f63155,489,2026-08-18T20:06:55.907Z,
0x55DD7D8Db617E34c37b43DB2e1Ef154e2558c6Df,227,0x961c6c43801b8acee360e2497cfa5f0881ae9b43286eb98da5133bd5c6fcb5b8,490,2026-08-18T20:06:56.472Z,
0x27923Aac4806A997BF350Ea801F9B30E4e2F1c3A,227,0x9c5affe03e10ad261dd0dbea311d053f35f844cf9e4e366c9e4370f9df909119,491,2026-08-18T20:06:57.002Z,
0x26d09cBc0657e9149c477c999Cfcd19B782ec1E7,227,0xcf93d0fefa622404b036fa7b0978c1b59884e63e366c2e52c46e3dd2070b0acf,492,2026-08-18T20:06:57.561Z,
0x67312a62AAB218f6d863c1d909F4ABFAB184E9a6,227,0x34b0cea7e6189bdf2d54767cea39108268541cc1e30dcabd87022de9ebd23d1a,493,2026-08-18T20:06:58.087Z,
0xAeBBaa30111457Ac34149605Dc1c204C3019845F,227,0xfcf94d6b456211ae85ab7e1f0025f389fae3c5754faa2564cd1c031adf4939d2,494,2026-08-18T20:06:58.621Z,
0xd4767BF7A0c2367e2B9E343E7462CCA9652aBe89,227,0xd8cd5941642ff09e1009b80e0cacfaa9658c5b330899e54c8e973b935c42abc2,495,2026-08-18T20:06:59.149Z,
0x506F860F7E4f44Faac6c481475225cE7859D4431,227,0x31e47fc665130c137b4a029efea9df1b99defd6e15c53229c8e289b5315b3de1,496,2026-08-18T20:06:59.690Z,
0xa0D31d844275219Ad4220cD1989D56cb02d5AB87,227,0x834c105d2a3885e797ed81fe4cf2583e3ee2195c98d051e4989e44d35e291709,497,2026-08-18T20:07:00.214Z,
0xaB32bf707C9D9F78f1101F9b7B4D6B4b3727b6ea,227,0x68df678c8f1392bb0c8c8022e1f6b09aa1cc3916905768ff27bb7b6ad09640af,498,2026-08-18T20:07:00.740Z,
0x241db02Fa09e95bE4E094E69c0730C2B3011bb7F,227,0xd4d2a5117891e5b20aeec9c72912edb35f2ce12077c3c609b5e6532a87063123,499,2026-08-18T20:07:01.269Z,
0x98E7aDcDd26DeA93F0C823EB0E9c4c9e787448B0,227,0x56695a87708872311a1b010ca3120143098d1e666d5af40625be4deabf887a54,500,2026-08-18T20:07:01.815Z,
0x33b92C707624F5e680564506700aac7d40446219,227,0xda6247ac60908e54a8002ddb39eb580d51ad335b9895692a660e04c0f85c2109,501,2026-08-18T20:07:02.356Z,
0x97219Ef57A528c1f28A07A8c028b13C25464AEA9,227,0xc73f229c1c4172545f2744b39975682b00582e37fb4ab82abd06b146ba007e4d,502,2026-08-18T20:07:02.896Z,
0x66f9D9d87406D9682f5Abaa572ce51929BB348FE,227,0x59782e42f061fb82e40bb9601aafb7005bec02f6e407988034ee6b2d21620b09,503,2026-08-18T20:07:03.429Z,
0xc142841714663EF1f0b747493294F668Bb11c715,227,0x052345a99d8bd797863f093a5fd3104d1a75c1d3513a2c644b37a8db4165207b,504,2026-08-18T20:07:03.972Z,
0x08ed40E6736a56F7e6d64057A4Fad7181f241275,227,0xfeba437d3097f7edb826640e442537b9dc19a25d9d5fc6b172bc8b02c52e9a36,505,2026-08-18T20:07:04.497Z,
0x3a7534ca475420215A601667C59245E41409Df6D,227,0xd0b36fd05e515a84272f3c5dd5be610e80744b8f87e38b33bd14f3b3b55fff40,506,2026-08-18T20:07:05.070Z,
0xa97D5E07e78aFadf1679064bc11dB66792430320,227,0xb983851b18bf692ca769002571bb5630abcd8e43fc8dd832eec1d87faaf06910,507,2026-08-18T20:07:05.602Z,
0x83c02189207a31E9Faa3d7FAaFe26BB4B2a04609,227,0xb623b84b67b845ab431278a4d3c8e143d9603a5f76256e5189a7d35de5ba64ca,508,2026-08-18T20:07:06.137Z,
0x255946Be628ACE9AEB9Ede78c56aeA94E51aE73c,227,0xbbedf44a7e692dfa0fc95339dbe28bcbf3afc901d17faa45acfaf3b34dbeb8e2,509,2026-08-18T20:07:06.672Z,
0x50557235F108510C1ac184ED23FF2f270C067380,227,0xcd4ae85003c097cfd28e8ed71f607a7a4267920b0965776e077608070a0e0b29,510,2026-08-18T20:07:07.212Z,
0xF79B27eD5B97bC8B11b1a6f4908Aa552B8F04078,227,0x0adfa7716ca8ac21812425063d32ef6341f5e1d81ffd1311c3027afeb5c787e2,511,2026-08-18T20:07:07.762Z,
0x6a7967D6d1d75D62B8172F188880B2Ae1548E078,227,0xdb6878842b2d3f4928e81862f5fe4b0facf96e87b6372a63c4124242e06f8436,512,2026-08-18T20:07:08.292Z,
0x95eC7B8238891b7d50849Ae31397cbFf36B58830,227,0x81c8876be18431472098981554255620ef409ebbc63fe96ddc67f97770bbfcc3,513,2026-08-18T20:07:08.846Z,
0x92fe12225c3f9C09Db840a9F291c1781458E9480,227,0x32e5bc5f50719f8fae1d77a70bf5ba7c28f27a51669957701d100c878722ad25,514,2026-08-18T20:07:09.373Z,
0x280e6Bb50d3e2b2c5BB920DbfAdb8D364De51aB0,227,0x96d4a5023a93d5420a696cce7b992f0b757e3f4a06b7bc5dcd5727227d07e762,515,2026-08-18T20:07:09.902Z,
0x9a01e3f9f6637632bCeceA9bE3c58F3efc6476CD,227,0x91cbede1be96a94ab953c886936c0e19a40fa9c2b42006c7e86ea7b5bf2fe210,516,2026-08-18T20:07:10.445Z,
0xb5aa5Ac7d261a05eC13b3ad355f366142045D586,227,0x6273c1536a821ee7ac28728e102dfc6de444f082934f924a9e70e0f1abc82640,517,2026-08-18T20:07:10.992Z,
0xab557C6f9CE292b1E5467eA0CC1B9666a88b9dba,227,0xeed35942acb43941c869f8137c4a3440d76adde4062059d72d5815127901e016,518,2026-08-18T20:07:11.529Z,
0x95eF049F6Ae31080bE938B56840CeE02da0b79D0,227,0x31f5cd9d4e2e02a9e5b9d3ae54d1635e774151848c98a4812513f070e4ef9044,519,2026-08-18T20:07:12.060Z,
0xDdfcf739E9a9308b261f210992fB2aaFE9ecAbfa,227,0xb58a2f469702347fd94d0407f74dc51ea2d6633ed1fb28a8fc1ac80901463755,520,2026-08-18T20:07:12.614Z,
0xC24C393c24f6f3198007367cD906FFa00Eb85921,227,0x11a1791f65577212a22050c713939bf9316e03934ce5fd61e81ea644f61f2082,521,2026-08-18T20:07:13.162Z,
0xF46f50746ba6A70Ef14C85C179aDBB3e4109Da48,227,0x494b452ea890ca8a58d95a187fa33c29453a1a69bc9fd9a0487dd5fa531e6001,522,2026-08-18T20:07:13.745Z,
0x5601478B3bd6e9644135625a0360efE853E0275A,227,0x3b98186f2c84a1b0230a74f808ef40dfc6b30de74e1dae43ff687ef0a3bbc587,523,2026-08-18T20:07:14.281Z,
0x8b9F8a0330C67DcceEc401A76df6506145c48A47,227,0xe790b50e7c2a24fee06b3c06f666c709440ed8b18d25adc3d6be99cb1176b3fd,524,2026-08-18T20:07:14.854Z,
0xFd29653ad06B30DEe37B743bCDc4544Dd118dc44,227,0xe97bda401dd026b5ba4bfdab2675b65c1d337e3797693e84d9ec015276171f58,525,2026-08-18T20:07:15.381Z,
0x870aD93aC69Dc38A9Ac7cDcF4C36e06eE812D672,227,0x5cf5ae7cc712267fcb52f7e7c6a7edd5d4cf0c2c46465c6d5dec00b68f580871,526,2026-08-18T20:07:15.915Z,
0xff177611293eC015E347ac64E261439C3F31F419,227,0x784d5d300b8d75d6baae22f529d8380656a47898535b574d575e9c8a580d8521,527,2026-08-18T20:07:16.446Z,
0xD0AaF0985e224f44767fbC9034B2977535Af9D92,227,0x2edff95cb37e2fdad09ecf7f42dd8743838c978b9a13464b0f3839c080381d21,528,2026-08-18T20:07:16.995Z,
0x8FdDA6431b929e8D84Eb4Bd2A8De5ABafd2ae112,227,0x9d3bd7bc12cecc0ce9c2ffe4d62ac76332e66f1ae3e1bd004a6e7f210cd30114,529,2026-08-18T20:07:17.535Z,
0x283Dc41691916896fadAd7B20Befe4Bfd11D454F,227,0xd70a6bbc725bf873658af18481486b0b982a9c6b2f3bb0f13539de6a536f276f,530,2026-08-18T20:07:18.077Z,
0x090da0ee7Db13fc04467A0750F267522106f5574,227,0x8e4c2b80da972b6c5b73a6ee76d2e8a247b64fa5a30a196236d4f3905338575a,531,2026-08-18T20:07:18.625Z,
0xCbDD0E1e46a1449352d027F6e6066d5Cd4BE07E7,227,0x0eebcf9a249c69c51bac58682ecc1cc6791e296be1b4d5baa44362a0e71b963c,532,2026-08-18T20:07:19.156Z,
0xD33120f61C558bCa0B81Fd3dFae1357cd1b2BbB6,227,0xd26891e6f2f2e76e65b5cfc8417f87b705c1a136cb22b5b207925c875d78a596,533,2026-08-18T20:07:19.694Z,
0xfe017751EEF78eA015cc21036015cF89f5991aDC,227,0x7935cb04e0e57c3f56f732775280a432cfeacb2caaacc4962bbe2dfe5cd1e2c5,534,2026-08-18T20:07:20.231Z,
0xf917e65AcB4B9E51E2240C170BA551a339365EB5,227,0xfc223d22ee083488edfc95b94afba364212cf4c4f8643f4d766919010e04e85d,535,2026-08-18T20:07:20.770Z,
0xAD279d438249815E181F4F27D00db1d9521a066d,227,0x5c64a7dbe32efe3de09790916720ae92c73e3b6f110b72e58e81c55fcbc4ed55,536,2026-08-18T20:07:21.307Z,
0xb0b71d37E4C9FD72DA83CF5C501Bb3a59d0c7A0D,227,0xcc7b6d631b9643824463881958992b3e1cfe5c148ef28dd333e38318b5428cee,537,2026-08-18T20:07:21.846Z,
0x7752a7DCdB28f1de65167D60D1aCDa04E5D71595,227,0xd903505375fb96fe194fe18b9e8fa440e99f77eae15efa4fa2259bff9dbaa7ab,538,2026-08-18T20:07:22.387Z,
0xa3d7A91E15dB0D6F156ceD231fD0B78ca567d1bE,227,0x7819f23e5cc6eb8a14be6d978682a5852c5c3820d083374d18cd632083d14ac6,539,2026-08-18T20:07:22.921Z,
0xf6f09c928a517E5dB69654B1a9F2e4aB63bbC0C4,227,0x8bf80e837716f8b62010c53603295cbdc8b221e3d104e4ea651c7edab6a7e645,540,2026-08-18T20:07:23.457Z,
0xC9E49B394ca625027f322b797d95c3FB6B550b4c,227,0x234576b2263d2e77a4f1416df856b31ec043ab1e97519230bef7982b4cbffdd0,541,2026-08-18T20:07:23.995Z,
0x197d53037760d2cb0A5a8295bFe86E9e72df4e5A,227,0x35213aead9ff131fa8e92ffbddf9ec773014ec62cb33ea91ee5fc65c8c152e4c,542,2026-08-18T20:07:24.536Z,
0x3B1f588F3f4B96d77190025Abe0B7c9EB8F26ed2,227,0xb87583c7457c3a9f23f44d12d4c206cb3e31c14bfd8ecd518404ad6069b93f1c,543,2026-08-18T20:07:25.084Z,
0xF246aeD9B44c996de72dEbD5d294b4B6b4267165,227,0xb2c27564e148261fee6bf0487cae7913cc07847c44e25472a30fe3e88ea1c804,544,2026-08-18T20:07:25.619Z,
0xfB5A34f2350a8De084146caAdeC162b59caEC6D5,227,0xd819e2e3057bfa3f40199c9619f413d591f7eb16ef3c3144c1ae0a5b2ca18800,545,2026-08-18T20:07:26.136Z,
0x7E4eFc2Ef55dA8dF72b13275d8d39094A7F6d158,227,0xb7227f0d93275f5666c2017717874886214bd18317c0ccceb349f6454fc3713f,546,2026-08-18T20:07:26.674Z,
0x4fA9456143910063a210118F013018c260b33C6B,227,0x00937603374e6f806795049d64621ee9788c71b8af0902756e5578644c1bd6f6,547,2026-08-18T20:07:27.214Z,
0x3Db5eDC9cBB9b369b11c1Ee7466F55049882e310,227,0x97b6a3d6d09bfb9ecb2fb8a2870e5cd558a8d899ef0e0475826806775e8952af,548,2026-08-18T20:07:27.758Z,
0xa68d04834AE438bFB3f1FC46316a73CC51895333,227,0x04b51354cdaef77020bd596d941cf06b20f478a7259bd7ebaf011821f0b986fa,549,2026-08-18T20:07:28.290Z,
0x930F61d4E4df28eaBC97559c1C8b4693e0274164,227,0x6ada8e72cee25372ec16c924c87982b61e84a149dee64ba0a96ba35cbc105ae3,550,2026-08-18T20:07:28.875Z,
0xaB3F84E062fEC0BC91AE940a94feB2876126018d,227,0x7906bb3525b758e72502c0846e34fe958745f07fe04177b33dfef6eee0c23477,551,2026-08-18T20:07:29.411Z,
0x97f60F8A3e9cc1366c296f5EA7f8C47511Ad7Dcd,227,0x2535bd6f900137dffebd4076cf769c1c00c7ab8ddd73f2b0f5ac5c7f904c018e,552,2026-08-18T20:07:29.945Z,
0x07fdee300Ac4DCcaBF899cF815904Bd166615A73,227,0xd16d7162da66b5240d51e9d68b9af2501b0433d16963f81dd4830f152ec3a6f6,553,2026-08-18T20:07:30.475Z,
0xD103A7ED02FE1c58d5986c919BCb122B93340A1b,227,0xfffb5ae6d36a145083559e7acbde454f874b3bbdfcd8c3e344102bea5389e49e,554,2026-08-18T20:07:31.008Z,
0x373c5267a2C4E87a64Db4b046cC13aFb9163E42A,227,0xade5c52c694017ae2d565900d714f330b322ae415e554b669128b36763d30fb2,555,2026-08-18T20:07:31.544Z,
0xc9E669fDe217c1b01A729727e3a77A5CDEEfB56b,227,0xe0394c4f13bec1f1599f44d6c243ee1182572f48edc9d0b573e666b3d13b206f,556,2026-08-18T20:07:32.085Z,
0xb2Ca7ECaf11523FE0Db5f68E100B5536eE8f898f,227,0xc06aee73541536f49f34afc3803003d338d90008834606adbfc8eaad435a2be9,557,2026-08-18T20:07:32.635Z,
0xdC8b5827831a2015dcBbD4A9a51552FEb1A67822,227,0x6d78c80f1529f848a3bc9c26c82929dcd277afa192d218c96b448ce3790222a0,558,2026-08-18T20:07:33.165Z,
0xbe36c34f0cdd28DDF6108c29F0a128F53441BA82,227,0x9b5ec67ea2a771e8da947a619a7be87797f6bd90efa1fd7f5f44095821e824c4,559,2026-08-18T20:07:33.696Z,
0x2F6C24FcACe697F8F52d14c94a57E9eB1e2666a1,227,0x0ff848a430c68bda681e58f2b7675c441ad0a90232cdf06ba2e497047f9320d4,560,2026-08-18T20:07:34.235Z,
0x1A12AF11fD5d2e3E6Bf19709E2d3D3AB01c9223d,227,0x74ab24444e7c03d7379bc9343f58a2a044c18f44947dc5d8e6748f244764bc8d,561,2026-08-18T20:07:34.769Z,
0x89024661F27AC3666B424BACD3E65DC2A18E7aDA,227,0xe794f0991f8055c7a5b77579784167851b2594d6c693f800b5a6a398099c6fac,562,2026-08-18T20:07:35.409Z,
0x8B7e492f19642c78B49bc50BFD7a9C1ab9Ace728,227,0x6c0302fd69120a343f100e63e421d8df4e25cdf1787bf464769c4be4482225ad,563,2026-08-18T20:07:35.932Z,
0x01083e285456E8e12606869Df2fB75FD305706c3,227,0xf320ed31021dad64b58367c6d5c072542bb5f0390d1f7cd032d3d9d460735a4e,564,2026-08-18T20:07:36.464Z,
0xc74c1513b841cF7d8fDf2A404199A6F440350f66,227,0xc070c5ef65160c205b99ab107d2ab3a5682277e0fdc93481a68494e5f39cd70f,565,2026-08-18T20:07:37.023Z,
0xd2b342797E5FFD1A60eDAB286dADbd2bE695631D,227,0x73dc8ece3ee52e9a0dd6745550d7f5e36be2c033d6f27c1002fc84bf289bcde3,566,2026-08-18T20:07:37.552Z,
0xAed6AD51d9a06525e18F1538A22abB6226bF3965,227,0xe78e5f2ac9021e6ccd80a198cf46829e0ed8ce01ef3cb49f60e32908e9cacb93,567,2026-08-18T20:07:38.087Z,
0x841BD86403775664d272b884C866cc7c804EBfad,227,0x024e55b18d6b24070c23a15ee9790a1dff1c1443e76037e9acff26cdcc6871e2,568,2026-08-18T20:07:38.629Z,
0xA2a8E1c412e7Bc8CE68febE48BfFAD6E7524779E,227,0x97278823a9cde521e4595b7c1107f02e6c972bd762584b30e2cc2d0c5358fcfd,569,2026-08-18T20:07:39.155Z,
0x2741dB011195D3400bf2466734A5Fc143f3144f8,227,0xfab374008ab0b81be8193e938a5999e493ac706c3fa3d7af9f9959c1b35e3fd3,570,2026-08-18T20:07:39.685Z,
0x19C5327EF25E0044D265Bad6Bcf821139DC9299C,227,0x60001e5fcb9294498126537c63a0c1114be72f94b1798760a36b972030962f0a,571,2026-08-18T20:07:40.226Z,
0x980a623c8966a83B56FEbc534Ea15482D7E86AdC,227,0x599bd5f601132b6e9c5f01a74fa087855947a0dfc30d4d160505609c1cfa0d43,572,2026-08-18T20:07:40.761Z,
0x714a6143d3c132AF0c20200eacd26f0558C11d52,227,0xd1b4975f775a1774d116a8eebe1e291f66fd4197b2c605262fc33b8dba650440,573,2026-08-18T20:07:41.284Z,
0xD3dC12e1315Ac302ae939Df23A23B151A44304aE,227,0xe167cf066a75fed19fa7ee5303b9a7f83198d492a373254cb7df939383d7897e,574,2026-08-18T20:07:41.817Z,
0x023c1a01108C35b72852A5CD4E0Bb5123da9657E,227,0xb7ddc963f82751e629de77d96cae16d9d53faeb1edff43285f9dd906525d664b,575,2026-08-18T20:07:42.345Z,
0x80E432beB6BdFc5E2C0B000670203810A788a3E8,227,0x2e7fab7e9a29012adb2f5e77584b145ea812c622f976762950ff55942331a339,576,2026-08-18T20:07:42.902Z,
0x5a588ee50dad9C78aE826e9419bB2C16e5E4b02E,227,0x9c50909917e7100eef1ce9f9b9bbe15dfee2a71e2163c2012795c51b02efe8bc,577,2026-08-18T20:07:43.443Z,
0x8c12598966973f833f8cF2e9E3A28C7016cB5E72,227,0xc6b37ae7db821b23b37fe4f13f82f2ffc3174e18171a44f3ca002b2d5ca0ecf9,578,2026-08-18T20:07:44.051Z,
0x9229d09c78CfbC973585aBaAbAf25DbE453d38A5,227,0x0c4eb6ea5e66e15a4979019fbacaf2a5b8e69a6882a536b8f679c7414c1b7ed5,579,2026-08-18T20:07:44.731Z,
0x0CbCaBF9fFC5a53976Aa63F2bF092166B3727151,227,0x1f0b5f9f634c55259d224cd6b80243a158c73ff4075daf74795f0743f53953af,580,2026-08-18T20:07:45.423Z,
0x366c20CE8103cCAc1AE9d37DE7E32E07ADa3d12D,227,0xf80368375bb063c43d64bf2e178e6e16abaf12cd9816e3cee51afbf32bddf388,581,2026-08-18T20:07:46.109Z,
0x7bd6A3e266f4Ca252D38e74fAB528F539765924c,227,0x47cf738dd8d20ab777a58560ae057960a26d96d9cb9a9f591dd1f54935bdcc1a,582,2026-08-18T20:07:46.784Z,
0x278E2DDc31ee9fE61e73B10Ee5CE5FbF5A401049,227,0x00f4e2ab21bb76172f1962a59762a82e1739f165320fbaf080682175debddb61,583,2026-08-18T20:07:47.457Z,
0xe4c0E4Bc40Edf111710D6B50cB6b08E551820b11,227,0x5cf388bc764a31c5cebe011bc1139213b7917060ae5adc5b41a184d79253177e,584,2026-08-18T20:07:48.134Z,
0xbE2174Ff12a71b6DEEca5B9AAF4C2931E8C62AE5,227,0x0a632f30e5dc3753e7724c72a6e440996121f8298e8036504e2fef2be9effd7a,585,2026-08-18T20:07:48.827Z,
0x8fE4eF6DfD0f3A84E11D995a3f482B9f9F4BA7D6,227,0xe8de3f20a69fc09041403a0d0d386a415b302253819463003e5c503c07f07783,586,2026-08-18T20:07:49.510Z,
0x21800F06Ff88b43d29B0AcD797be3Acd485590b7,227,0x22fbf3d379c7563ced431e09d75b60257f26086d474b370a6aeed6a4d63c4d51,587,2026-08-18T20:07:50.185Z,
0x6656c1Fc1D79b522BBA854035Bf25D12D42FDaE2,227,0x9dd7fbc63607a4cbce9322ab2d44d40be67b1c184ab1f83ff12af1bef932ff36,588,2026-08-18T20:07:50.877Z,
0x254dfEc48Bc92Df35a1FF213fA7eeeC560883bCa,227,0x902b9d27b06dc77dc3e46cb27efdb62439304a46e32ff053ad582d7df1f1ea4a,589,2026-08-18T20:07:51.614Z,
0x6C63aa1445b5da4cb2fe643a9cD3a662bA4a188a,227,0xb6601145e4007cf329f52d8926be345b0c13335de10cec41a535fd8d85b1e096,590,2026-08-18T20:07:52.384Z,
0x3217E61195bdf15b19C0F8657f6651485684c218,227,0xb4c4f7bc3db3a55c00bf9b250d55b4cb1136a5ee6f8a830f58897ffa31032831,591,2026-08-18T20:07:53.060Z,
0x6426bE9e8Bb7bcDd6379573A501e71622C57017F,227,0x1bfbb612c2532e41deef57daf63a326acd38ed37777a469c4c5567f4306bf15c,592,2026-08-18T20:07:53.732Z,
0x3df066c8BB812462AC745353Be9E40d44dC64b03,227,0xc1abc5955da904decc79bb3f7827b5c616a157624f83533968036e7f1b394ef6,593,2026-08-18T20:07:54.419Z,
0x0DFa1Aa99c4BDebD7d81acaBe11C15b66ed831F4,227,0x71813e5ed87894a8f95e5a7eac7698ac89335985cb602959934c98b17e8484bb,594,2026-08-18T20:07:55.148Z,
0xd73B4d093E3d8be30EB69c7aB0f1EEd9f82AAC01,227,0x0c2dee1d9dc26d82f31dfe567b79da643d3f9401fd3470b218ea275f272b3b47,595,2026-08-18T20:07:55.814Z,
0x1096A8DeAC43FF6eFe5b84bA15f757375F66CCcc,227,0x119964247e9592e5f3dc64a79f1b29ee3d775a745a1ea5388e3891671e89893d,596,2026-08-18T20:07:56.530Z,
0xa91E492b00c00B6A05186e85754133d2790ea009,227,0x8c22d5292f13941097cef4a549d28f47865f2f5424626422be4620ed8a634b2a,597,2026-08-18T20:07:57.214Z,
0x53886038cfB82A1730b6A4adE216Ea464349B93c,227,0x7138be50dde549300da264f180683ce66ed9ac194bcd3e22510a2f6132ae194e,598,2026-08-18T20:07:57.899Z,
0x4a9Bec3C2754B494fC81e8E4Bbe7B8e48e216844,227,0xa3c3f8fdd78e31ea708a6289ee3b85e1b5139f05afc2269d12c92ef46d898aab,599,2026-08-18T20:07:58.569Z,
0xEA02Ecdd4f8B30ffE3EfCD146f6D1E00C340cBcc,227,0xd94b879ad0acc70f305286a3db251eb5bb78e48a69ab26526616d0d3522ff13f,600,2026-08-18T20:07:59.257Z,
0xa54C60Bd2294a6c1c86e57787981AfAcf9ef86E7,227,0x0c7f9c369c146ee17e6db231f87707b5d1679612a6cc81b0adac63c67a2c2dc7,601,2026-08-18T20:07:59.955Z,
0x6eAAb251B6eaEb043154FC0A678A7bD09cA49A11,227,0xd1a55c9d7e8118a7b2f2b0cf55701ec083d7f8207096d554db4f2dc063a03ada,602,2026-08-18T20:08:00.511Z,
0x6d1Bf868F2792501F5175C6F98BfA7FE882c6D75,227,0x5bdfc1ac830698fbb855e76ec96975c28ced2d3d8a2203c070a26d6a441c10b0,603,2026-08-18T20:08:01.043Z,
0x1a571070F88cD0b93E56bE6Bc60B1a77Eb53f792,227,0x950b259f7dc53ab7afb8e5aedcf95ddddefa3d83ae35648645882bac7f67122d,604,2026-08-18T20:08:01.567Z,
0x6bB64480A06e122726a3491ed62F6d7321C22EDf,227,0x0d2c7f5d0660fb7e1ead3f321787b9a6c72c0686044ae8ed637bd50d29ef49b2,605,2026-08-18T20:08:02.110Z,
0x001B3f996cD3D240Dc0738996058A38C0d7041b0,227,0xa949902f15f720063977a20f1b35d61b47f567addda8185cce3e30dc7a89b5a5,606,2026-08-18T20:08:02.683Z,
0x649D499871FaA136d971D325CdFb742B06b0953f,227,0xb4df9d1f4aaebd17dc7c0502d49693b2c9597b5e4fb25774fcb92e0633f4c182,607,2026-08-18T20:08:03.217Z,
0xd4C8e4e480d2b38D74B39B0Ac1c447689580633d,227,0x53517e67634a9e1bf3645956b2dd21dcb485a08caf404d4f091a8e185eb41229,608,2026-08-18T20:08:03.766Z,
0x190F352848e520a3D86ba7ff2Dd2c966AD5cDf87,227,0x3409d0196bab8d4f7b88708d0e9befeaf0c02e46578f09721f44e72ba748fd47,609,2026-08-18T20:08:04.306Z,
0x0A7EAEE9d588C0af4eAC758c3bd6b1E69e4d8f3B,227,0xffb57aaef46b5fc1e3686b998cf39d5890883e066b4852ccab42e352a7efa53c,610,2026-08-18T20:08:04.844Z,
0x6Bf6c46ba7f8536Ac1B31757E4b3d82CEf1584cB,227,0x527675daa980c566f8561a803ac9eb18a20410c07e169f1a42589d151cbc187f,611,2026-08-18T20:08:05.377Z,
0x29E46015cCFe13cfe8dC96D75760a6290dF311Ee,227,0x137e7014809b5baa0b8d2ea4eba6feedc0c6b6d2b8f95b88f3849b92f548d61b,612,2026-08-18T20:08:05.905Z,
0x47d0C1073fEC468cC458BACf8CdDddAae0bA5381,227,0x284cd771d0e624529175b6578b8d9fca087f1d01a8498da1a9d387e9fa8012ba,613,2026-08-18T20:08:06.434Z,
0x5EBC94fD391FFdB12207ACbE5Af1d493160b3854,227,0x2b26b3d2109f58cc55e700eb6f9da88f2e407a5044bf080aa1eb1ffd07c1c64c,614,2026-08-18T20:08:06.972Z,
0x6551224c5c43dFcA751E31E92234F88aa4D07821,227,0xe3cde68ccca59a9376c82e15ffee807a3052e1e7f88b89a8db08233875ce85a0,615,2026-08-18T20:08:07.508Z,
0x9e0bD828C87B66811850b98c1331667BfD545Bb7,227,0xa28d3ba7db9326676070c67d05c80d4ce8c0df3b187b32a7e3f55f2353946b0a,616,2026-08-18T20:08:08.042Z,
0xcFE762A367FaAF39B905f4632252A21cfcCf8DaB,227,0x002716c9d5389319d0d12e76a89137270a9aeff69217c3003d1125a9956eecd8,617,2026-08-18T20:08:08.581Z,
0x82c825eCFD2c22E615a05307049dE93b523D6c65,227,0x765ee1a617c269749e706b8dfb3514923596e59cd8327545fb99d40850d3a237,618,2026-08-18T20:08:09.110Z,
0xbe5C5AB22dbc52A70A2341eCB8d849d41b837155,227,0x523be7c477fc8e453d0aa86298fd2fa38fd16bca51e3ab9e28e29e48e3805148,619,2026-08-18T20:08:09.653Z,
0x0c11F1bc7753CBEc424976fD9C6328a3Cacf0Fa0,227,0xf25cd0154c7078afeec214c484e0ad8388a687ec3d7a0ec3529636418b9ac951,620,2026-08-18T20:08:10.204Z,
0x5254B002Fcae6F4398E234704d2Bae7cDcb8Ea12,227,0x9a222a68354a1df3047db489cfb8fc02f72c52c08fc6c2b63dc44086fd865b85,621,2026-08-18T20:08:10.739Z,
0x469078ADBEC54D115290dCc044111F5e9bf780ba,227,0xdc3e9dc2d3c35b9171f1d442a538ab41afd8f98f6265d034400415812694a1fc,622,2026-08-18T20:08:11.259Z,
0xD13B4c2267cC7d103774D8ccB95D469d20Fe47Fc,227,0xfc34628c872c952a6d0e5a8cc3d3da9067094c275c9ecb6bb18263e57ac7cd8e,623,2026-08-18T20:08:11.782Z,
0x8346F47a0F6D2b2dC0A015F200eD6eE130E05840,227,0x94f010e3af2f21b02696eee9e463fe9ed0534b8f2674e67b675f42999352bdf8,624,2026-08-18T20:08:12.312Z,
0xD6e287Aac6E0802B2C636Af0F718845f3cEF2377,227,0x8bf7043758329ce440e0eb15bdefa152c34218464397d53dc5f30c3e9764008a,625,2026-08-18T20:08:12.846Z,
0x7CCA7772fb71443166C371df4a088A58F4D3Eab9,227,0x482f1cf85745555f7b5effcfc62eebf600cc0d56b2d3ac7f4628eaf14f8ce332,626,2026-08-18T20:08:13.386Z,
0x0ed2cC82e951D7ba2bf05D08eDA7DDdd47D559fe,227,0x34e0a11b42b56059b8f7cd7bef61eefc7d148f70a7d4483f2849d71dddfc1adf,627,2026-08-18T20:08:13.926Z,
0x51f884aB949BBF579f0CE646c42ec8d87aA22b77,227,0x8c2c5029125d042317b738c8f26bbab978f5654790d792722c4b9553a05aa543,628,2026-08-18T20:08:14.458Z,
0x21A6cEABDBA257E2D7CB4CE63a38710A7dF20A3d,227,0x3c68dbbace5c68e149462c47f8d6e21a1c812927bf89311b776f6a7aec4cc11d,629,2026-08-18T20:08:14.971Z,
0xFD2E83C5308BBA3590796A03667904D33c3Df2D2,227,0xb573053b1b8ac46aee69d14fd1d11058845342bbff7af80fea05dfb7b8fe48f0,630,2026-08-18T20:08:15.501Z,
0x5d33bFdAfc7640cBa9Ef2767F051ABfB064F3573,227,0x77a5be554d15506d059ef73cdcfe34cd836e2f16ac7ebc02ee8e53bcdb95f1dd,631,2026-08-18T20:08:16.032Z,
0xcf98ddE49Df6FF0095b3dC97FcCfEd883cfcaA92,227,0x4e9820b9efe403b29f741ba6be75c58bd9a8e9fc5d5a46b134fc06ef218a9320,632,2026-08-18T20:08:16.559Z,
0x35Cde4A8726AAB02323388a7fcEcA4b8758EeC7C,227,0x311c2498921696b47585da0092d61eda076122dd7b8b1c20a9adee09618b5b01,633,2026-08-18T20:08:17.080Z,
0x9e580233cB74095790808B31e2e9D6a8d692E556,227,0xe5a9051a9895a3899391ed013e4f5fa6482066a3f0921965760192dee06d2b56,634,2026-08-18T20:08:17.637Z,
0xd474d53a48b313a2037078881a3a6b7c1e1eeDdd,227,0xb2cb802866b3207fb7e3799bb2582e8372b7813dc88e671f7b6c00029ee31340,635,2026-08-18T20:08:18.170Z,
0xE7614139de8AEee128c253fA0C58892185D72045,227,0xa46c71178293485e81bf0623b480007a902649b8500fcbacd036a2879a4c85e2,636,2026-08-18T20:08:18.708Z,
0x5B580ce88C36ac3e5E520b6B1E3b94020aB26097,227,0xca3185e6fa4b1072a6552a8d8f1a6041d073f206714ffee4a62f330675f27c30,637,2026-08-18T20:08:19.250Z,
0xC5198410FfCd2E2829136D40B614a8FBA3300Ec6,227,0x7c8b6de0d8c7ebf2c38b6ccb1419cc3b7a8f659dd0d9f72d6018fed1d873ef74,638,2026-08-18T20:08:19.785Z,
0x592369329eDf069EF1Ee3a73e845500A23eB4e96,227,0x2164da45b29adc249b399142a204d1d101b82ddc1ac94dfcf9e0d89665744ca6,639,2026-08-18T20:08:20.349Z,
0xa86Ba7fEb8886C100e30E020b50CE213912eaA54,227,0x2c274aa2de6f71c46590b540e2aa0c42690bad082c01cd661ca34b7b6d0ec452,640,2026-08-18T20:08:20.870Z,
0x2D4cFD7b5c505b03fe74F70A3335846a812FfE76,227,0x77f011a98467d3234626c09969aab3acf4e70e9178350c8851e57bb7b23cd5db,641,2026-08-18T20:08:21.398Z,
0xb99c36378358A442005c9fD6eE5390006FA975a4,227,0x0513673eee3debdb7d978537788ee308095dbbcade69032bd9d59454307ee962,642,2026-08-18T20:08:21.928Z,
0x2ab9Fb108Dd6297c4a45D616f23BA17Bb66471f5,227,0xd32e010d4d9c1783a3a00aa7eec25c014a894c3c6711cc6c696699cc594f467c,643,2026-08-18T20:08:22.463Z,
0x1DAc73F3d00052d7e815B41E7b1B5cb241aA4D70,227,0x305974e527cae6f19ffddb2b2f38b303fd3f75c47b09450b96889396ba8b02f0,644,2026-08-18T20:08:23.054Z,
0x4B4B8f7b91d746868476f14B1f8341B18592F584,227,0x5e972dc9b15b4095f6b4b1286facd030e2cba2a3224ed0bf9a6b50bd0e64e32d,645,2026-08-18T20:08:23.586Z,
0xd83206636c5a5B22B16B1C4B8e99717F330E83A6,227,0x56da4a66bc9b6d6a79bcbeb4f44c6922c4561ee0ee9c69d9f287996e527a51a9,646,2026-08-18T20:08:24.122Z,
0x9a1EB61d2730984E7051830842C2b5dc722df907,227,0xa9715facdf5c76d2100d667f14d96c0a78c800d2e4df65aeb4cdb678d929a078,647,2026-08-18T20:08:24.711Z,
0xF82971117bAF73c42C04c6A0d619bA9d6aeA87fa,227,0x889f129f350c7ded3b4d884aa36ddd6228933a85461f5225a47d24bfe266e508,648,2026-08-18T20:08:25.241Z,
0x3b682030572E1865fE7fFa4298F5eEb65165e115,227,0x15a2676bfc4716086602165f67b98c17b66a24e8d8fa1745c4fd4b30a74f074e,649,2026-08-18T20:08:25.794Z,
0x5F47F003Be1B3da745e7f4b6a937C1C575de0812,227,0xabc024d95c374c924bcdcc4fb6231c6c46455e5529800340b2b67aaf31088efe,650,2026-08-18T20:08:26.325Z,
0x85cFEa68d1e1E7D60f7063ca16296d5e08ff8e0b,227,0x80a8ed20fb41e3210d5d52ad94634bb48002add49e23fbbe005d9c1159e4ce69,651,2026-08-18T20:08:26.860Z,
0x41d8221B26f14a3CB069398CdC91eC4733bE7D2A,227,0x42354a616963cc58cf9a18fb4c4fd5a66df4bf76d789e188aa59c7c205b5fb7e,652,2026-08-18T20:08:27.391Z,
0xcd575F741B12FC6980fBE58891fD887352806609,227,0x8398bf4aa64cdcbf82e36d16aa9021f1aff466de5075947b3fc5ddbddeba4af2,653,2026-08-18T20:08:27.919Z,
0xB3BE8b50a7EB8ED310D62Ee7cB661aBdf474BBc5,227,0x944ba1359a250f511516f1d9b4fe587ce2f9c2cf3e61864ddd6dcc5d609ad2fc,654,2026-08-18T20:08:28.467Z,
0xdF09fc75d5390c1e33B54119Ca3D9D6F0BDc5eF3,227,0x27a9107e70a8334d977f6246d0e7310494fb2b18f4b4628da1588fd8211ceaf4,655,2026-08-18T20:08:29.010Z,
0x6189440424088E1ca86F0524a2E8393529DF2c12,227,0x212cca31d9ee59f81ac0666aa51b4dc31744e1bd761b348a18a0f1b87e3b5a5f,656,2026-08-18T20:08:29.546Z,
0x8048626de87FE76Afeb9759e6f503ca4b032925a,227,0x7cf80ff0b18bb3ea3b94d94f6c6aff2716b80481e7d88a2265daa2c44f5ecdf2,657,2026-08-18T20:08:30.082Z,
0x55Bd7D263f8F815631C39125b0FB623095cED147,227,0xb817da199339105bbebf0dec74b38f7e232769249ebc9014aef7f7c4be3d1f41,658,2026-08-18T20:08:30.607Z,
0x1F5465068BE72aD390bA017dD06e4B2A7e6845ff,227,0x71eceb3439804ed91f95ad895cef7ec114616dca484207ba2a68de8daebc79a2,659,2026-08-18T20:08:31.134Z,
0x995783c349C185Cf0982aefCa34B82C42B982F6c,227,0x9ae6947c9df9e6ae0dae9ddec9d794539fd76b68e4a53e8c293d486b9377ff6d,660,2026-08-18T20:08:31.663Z,
0x9149b1c9E642b16e07F2752c67eB59BDb54E34db,227,0x1a713da815aae7be9ab4ae4c8fcf571f3d58082f4af4f56ae82a41f569ddb679,661,2026-08-18T20:08:32.195Z,
0x57f7DCa134fDD36E5d73460F51ED1b12c11A0065,227,0x819e751c432c6d2aeeb8a7bac6341cc00a6095499e88d28f4541595cf5165eb2,662,2026-08-18T20:08:32.722Z,
0x12140B7F4A26c2F48Efb598e98230843D7cD6Bb6,227,0x7c81678f454577e10c33861c0ffc289fa9ba22e4f399f16b9acd8704be9fd32e,663,2026-08-18T20:08:33.255Z,
0x76054E3B391784AAaC00036CbEEA061F5857Df0C,227,0xc0c9d125db436314081638b3f20ef48529c29a0e08c9aaeb3b58414e99bdf304,664,2026-08-18T20:08:33.798Z,
0xcD2797af670D8A2C55273fd212e46ec395d2b042,227,0x651cec2db1036ec796969540333894ea9a1b0ce31bc46b65fac9dbd2afd5055f,665,2026-08-18T20:08:34.319Z,
0xB1C62e256f5Ed5e407Cd48c09873042ebE45E7Fe,227,0x7b0f8e6ecc7005a464ab83d5b19d88209cbd3d76132f1ca75085e389a5db790e,666,2026-08-18T20:08:34.856Z,
0xd9e5C576de7BE6c347D0168086Db28eaC392287c,227,0x9649c830bf1517193c4487f5a4804498712c9e8b58dce5fa59e5226cafa4e5a8,667,2026-08-18T20:08:35.386Z,
0xD5797D2606d7DA079Fbdb555417B4be15f7d1270,227,0xbf5938cedf4f622e4ca3ef830877e968960d462956800465ec2ec5980c39357d,668,2026-08-18T20:08:35.932Z,
0x63ed57439c824e74DC23DF7750B794F87bd2770f,227,0x3c4f4d0e1c88e6690492264477733e82345eaaebf0cdd08fdffdb6a5cdefa7d8,669,2026-08-18T20:08:36.468Z,
0x105364F37711a31916E5B4A9EE021C22553B4717,227,0xe5ca1cc8e85ff6d2ec88c9e4fe8607e6cfd09e47a61f15c617a944a3e799ae81,670,2026-08-18T20:08:37.053Z,
0x15D1951dd4116a57e59BAc76229fE693fBF74289,227,0x8d131b1852b6b7c7b75f7bfa1c2eb9949f461d0ab01ef5cbca9fe636c179ee8d,671,2026-08-18T20:08:37.593Z,
0xC6a38F865877d116a378BA3AEb2E6D5127a51c7a,227,0x0de2a893fdd9a4a2608b26b216b262bc5fc9e07c3376e20f033d88489a1bce94,672,2026-08-18T20:08:38.126Z,
0xC7bE722a0227511769E683C4Db5c511e8F38e2D8,227,0xe2fa60b3e636ab1c6668632972bd619b651503ea74585a85824c5c0336802edf,673,2026-08-18T20:08:38.666Z,
0xe72BbF2CA24ebdac8f86d87eF33Ec72b745758BC,227,0xd67ba5309ec7be8fc59577101e671359f73becef858bee8feeecaf40610c6fbf,674,2026-08-18T20:08:39.190Z,
0x0d871b5F48ac381836b7C18523d19DF96A501910,227,0x4ddce44f7a5b29e63256a44a57f7dea62b7d07c6fd1d757a1933f08707ea1f5d,675,2026-08-18T20:08:39.735Z,
0x711aEF2c8e8E21f3CDef12b422f3A7f6d8Ce3E9E,227,0x3c55bae7ac874647ed4436dc58f0a79958a9554d904a908b68239e0037da0d81,676,2026-08-18T20:08:40.269Z,
0x754bA4F6e7dd8158E10fc5eCab1543AD94124E53,227,0xe9a394067a1f32c1ec2b5480d252d66065f36982acb967fdad3744a5c9209a96,677,2026-08-18T20:08:40.805Z,
0xe046191fB4C25823c2271692867BA8A0e0B9c225,227,0x2f44ee8d32f53a8a113c08ad48f21f549570e721c35a2422a32be072d599251b,678,2026-08-18T20:08:41.348Z,
0x378fc7D606a8540Ef5860BCe284cA62deB013C43,227,0x14a34cd272e5009a0f2f74f1d494d4f7dea2ee3303690bf89e58973c496d2b37,679,2026-08-18T20:08:41.869Z,
0x102aBdb4186DEb27A820b187b0EcdfA580Be4025,227,0x60e2a5a68fda14c1d85224ad4aa16242a7b1b24de3b931ba48e5e9babd65825e,680,2026-08-18T20:08:42.397Z,
0xCce698E4Ef26a16D0B62458f1BD59a821866CdB2,227,0xc811bf51241d12626920933c9bc36b6afa5fb8d50c40559ef65e5ab7bd3ed873,681,2026-08-18T20:08:42.928Z,
0xBF857eAbB99c7e56FE6a13B8075bcB48F2c50091,227,0x91c28e5c37849662ae0008dea6e09684adf45d04296a4c729ec7c399f774b525,682,2026-08-18T20:08:43.560Z,
0xA17a1F795e56B0C440A71C4E62874A0aec708Ef1,227,0x97e1ccc0664d1f03366b18340a0742bcb629307d60aa306f9577c26cd54f68b5,683,2026-08-18T20:08:44.108Z,
0x63966967437547343C844953bB92CC4130f1Aa0b,227,0xf343575a081cdee55aad701dd072f474c865cd57fdabf7c00bf68cb53d77f936,684,2026-08-18T20:08:44.796Z,
0xbb4fB7aAd78C3e848B449fe3dC50339bfD48d221,227,0x5293f2aa994130137be642518696904c1f4fc7e1507ea52e014fd2e9f9544fc3,685,2026-08-18T20:08:45.475Z,
0xDE9c8d2E2343800947AE7759034ccedCDF2D098D,227,0xceb1f22bdc0b1caf36a58c758f8e2a8035b80506ce4548d8fe3871c9f42b063c,686,2026-08-18T20:08:46.153Z,
0xc28591845548476957e56f30ccbD3795f782FFe5,227,0x4ed265135f51be18bcb22cfb0f668b73c98445342c0e7c825339c2f2c24abcd0,687,2026-08-18T20:08:46.842Z,
0xf6fe9679254698Bd5e32Cd02f830b9725e703937,227,0xa1c0da8253cf86df2ef02f09077c3280c3ad1ecbe0f412f3a0dfbd73be0f9dd1,688,2026-08-18T20:08:47.528Z,
0x8c4ccaC01Fd4B3901C5F8db500d5cbd8906d7aF1,227,0x477991f0cc6e795e42de51215a2ec86c80d6c0bf75c86a2a78c6a0b1a9bc3f95,689,2026-08-18T20:08:48.200Z,
0x3c8dbab50cEE3D7C6903cAfFD0622f505fa6B4ae,227,0x1b544ccbcda60add0c2b5333d61e2c5ab8a6d4652e43cedd49b142ef8eb054fa,690,2026-08-18T20:08:48.894Z,
0x5529e0608cFC0caB5Bb86B59CBa7E88F0F66dFeF,227,0x9f7adf708a6ac1186938b74cadfea44e0b34012a609c48c8bfa1478553ebb3e4,691,2026-08-18T20:08:49.580Z,
0x6f49B3525CBa07bC7353d3158fAc619715C98d1a,227,0x8232b92d0b0a387f3fbe76b538ffe3d7ffd963b89bc19f1f7b0ed455b9191314,692,2026-08-18T20:08:50.274Z,
0x0Fafccb52edcB326441d38E0dd071adDCef9001c,227,0x1b3d96eb523be40cc554dbfb8645322076a833bea4b1afb6daa098668b853e35,693,2026-08-18T20:08:50.953Z,
0x2565c51403522fFa934068E38Ac2b78E2E79Cc2a,227,0x2be1f087994ad97097449da5f8623a149bda105a3d1bfc8ef2862e758a3e450a,694,2026-08-18T20:08:51.635Z,
0xee7aff3673fe82fb2B380dB6908c1EbE21cC4De2,227,0xd0fad0ddf32b47b5f1574ce5cc0bb03008295a78586265794a817780bbbf2644,695,2026-08-18T20:08:52.315Z,
0x1adac1AB62869F88484F065D276266031D292d1b,227,0xaa3053964d3d329b319514b1799dcc67976c2a89217789b9e2b8ddcb6ba04cf3,696,2026-08-18T20:08:53.040Z,
0x8559E50C15112cf50a6B6aEB5F629B08aA2433D9,227,0xc1551d1832e3497dd297892196598b9cea44080d96c3ac2fcf84915f199ca14d,697,2026-08-18T20:08:53.712Z,
0x35856D76F488DDE751CCC213e1c8C5b836F10d3d,227,0x871991c6e8df746767342b8f52617f35a5bc41c35b5edde560f0ab20311fedc7,698,2026-08-18T20:08:54.406Z,
0xd1701167F3bb5BC033E3f50b3e5d9865E21d4Aaa,227,0x298b2e15b15cf4080802e757b9270e411014ff0111aa4a18cb677098d418db51,699,2026-08-18T20:08:55.085Z,
0xe3f02B5548D5f6389C641841b0Ba87aF5e704562,227,0x678b43b248a84b74e8a330993e71ec3385241ad770561b247ff1b5231b1b0470,700,2026-08-18T20:08:55.770Z,
0x9d1383147C68af88b7654D6a6290EdF82C2F17cF,227,0x331648550b26ce318cf182482379a1b14059249447a17b336fd1e41f1ee2ed83,701,2026-08-18T20:08:56.450Z,
0xc4d0D54397E4913d7835A0a229f6888fFE04804E,227,0xca93b36c07caad027ccdedd6cbc9fdf367d0ac5e6c23212c79b678deeb3777af,702,2026-08-18T20:08:57.123Z,
0x4754Fe0f14a719BF33a22D7F24Eb4D18171cDa4D,227,0xd8bf457ca1a0bb7be60f492a9e310c771f3030e116f1d32366d64a0702bdf3a5,703,2026-08-18T20:08:57.795Z,
0xD8D58F0fF9d3317730D8BfdFb424Fd48dbb1d3AC,227,0x30479ae6c3256b752847f6472a793d29af7020e46a83148103fd6398c8470dcd,704,2026-08-18T20:08:58.478Z,
0xF5d72f358E690576dCe24F7913BFd4E0Ac7426Cb,227,0xc720dc9955b250c171488297079c4cb791611cdd6aacf750af1a999eb16fb123,705,2026-08-18T20:08:59.164Z,
0xAdC589Cf19296310f7E019Cf259f5f5469CdD093,227,0x7988ab8014cd1d65b79941a552b82ef76f4edbdb1a81bab1853a814eb7c27103,706,2026-08-18T20:08:59.836Z,
0x3C44355364706D94707a21Da32736431F9f9474a,227,0x998373859e0504315efc89937d4cad856aa7514ef76c5c4571f7dce3db1dd109,707,2026-08-18T20:09:00.514Z,
0x6EB512A1E3dBdEc0db6e2A3daFFA90f57baA3061,227,0xe77549cde6f72732386e600d276fba89989db9f49633372a06a7803c1b4f979b,708,2026-08-18T20:09:01.053Z,
0xea1DF1C65D6a45285693E630F335B420bA0e0aeB,227,0xf89e1411e24b6958805a3caf84d72eaac1365858facff9bb1ef90b49a3567ab1,709,2026-08-18T20:09:01.598Z,
0xE84f05A482C8C872d0327C1E61C95b4F5a2aFB8c,227,0x7e8e4ab28523f4b4120ce0dfabc026c7833cf6bf3aa2e15b32593cbc05289ecd,710,2026-08-18T20:09:02.127Z,
0xBd8F823086DB792aE0b4e4638A9db0900E0D6d26,227,0xf441113a5dca86ea2756e012aa04fa15d3182755f6da4435cc8fef675ce71df7,711,2026-08-18T20:09:02.655Z,
0x12f201C9892A35EB38D5CF8526b9C8Af83A58311,227,0x37f499dbfdb0b78ab29b6c950c9f5da7c01c3ae6d48254e8690193d2a0195f30,712,2026-08-18T20:09:03.184Z,
0x57cf5E895db619fbA06D029B9D1c19Af1948efF8,227,0x6bc9c02951f15435bd7b94f9e71ded13ed5c71e29881a74ec4121ee475f28db1,713,2026-08-18T20:09:03.713Z,
0xdcFd5E19A481e9351da9E7399D53f0294619caE5,227,0xd95a8fad831c4af34806a8ec0405f51cd7592459ff083c7998add4b6bfffb063,714,2026-08-18T20:09:04.272Z,
0x365EE13786d387b19Ea6Ded3158D085768Cb6748,227,0xe1d1f8eec903010e64774f5e9036fa79dd58a9e773008d3cc441bdf19cc8778d,715,2026-08-18T20:09:04.821Z,
0xEf46470b01EF326EAf8B22BF295dF62D985d9179,227,0xbad9f9f7d3f831c1dad91775f17dd87cc53dc2a0815d885199693e030d63465e,716,2026-08-18T20:09:05.356Z,
0x2DEbE2542F9c7442b7F311089a1057B8Ef327Ccf,227,0x3d372a1a95fbf299cfb4bee8df53f1a62359f002b080007a3bee8f9c3dcb1880,717,2026-08-18T20:09:05.883Z,
0xdECD504c466d891B7833DE68838F0e2730E23a17,227,0x0a63bd715823fe53f7289c10a3e73a1c393833f4f737a12d8b9f5b46acde66e7,718,2026-08-18T20:09:06.424Z,
0x470bF153E6700Ca132dC2e3B8c96D9C3BB999B80,227,0x5186c71e841075c7422a614563fc2f225ed7e9600777e14ff3fa6b90454946b1,719,2026-08-18T20:09:06.955Z,
0xa57487c14f29A8A7B53C8C763A353Df895720c69,227,0x74937824a3e16ed27617b330cb4d9354184513cf3befa1ddf0027f4c58b99f74,720,2026-08-18T20:09:07.510Z,
0x705D0324bAa234Af134265933819004134ac88D2,227,0x0e9acfc32a26cbaa712b0247a96c277e9656ae40c520b8b578fa81cabc9d4814,721,2026-08-18T20:09:08.045Z,
0xe1eEfF96e88fCbC11cBB8122d8597F49A018f85A,227,0x75be259e7b523dd189f234445cadd5d86e9e24f59c30286792cdace2d8cf88b9,722,2026-08-18T20:09:08.581Z,
0xE34fBE49314d46f580A8144E5Cd20BAfC3Bdeb7F,227,0xab20acf49c717a215b5aecd4b7101c2a77cd13c40061d2bc7beb1922b2088fcf,723,2026-08-18T20:09:09.118Z,
0xFcdB212E7e7588D2dd2cc44C30F6C79fB507DB4B,227,0xa8c0ee9e57f3610dd6464d1de582b50737c74e6ddb1f62036b39361b18cffc54,724,2026-08-18T20:09:09.650Z,
0x6aF55B6921c82872f14e7F3e6E17bc2e0b2559B9,227,0x20019dbe6ba2ed67551c89c47003f46df6e85ff938f167310ecfaeaefa691cc6,725,2026-08-18T20:09:10.171Z,
0xAD4fC4197665c6e587cA08605538F31B585dd552,227,0xcf2aab5bde50bd2ce7745af28907fc2ca7c939c679a374b23e43d728649d1044,726,2026-08-18T20:09:10.694Z,
0x21d21Ce5b22F2F2323ECF4936179Aa01e70Cc6ac,227,0x34cd0fcee490f127ebc0f26e49b2c96111c21e932d020475d8dbd4e4450580d7,727,2026-08-18T20:09:11.212Z,
0xdE366320F705D203Fe909595b9Ed0251E0Fc1A5E,227,0x088aaf7f5e5da6905b7333b7bd1ff244b2794cf59d187e14af45d5c5d957e76f,728,2026-08-18T20:09:11.740Z,
0x5a427223D38C1bF40262B8AB7D25C4506E7Bf1b3,227,0x76f0f8f41a7f15a3c68887f25cd23350d1e97cd37cb2909e36ca5794410c45f8,729,2026-08-18T20:09:12.275Z,
0xcfBb28229945187bE356b80d74D8CD43eF1A9783,227,0xa62c971a714984fc0084f8463fde794bd5c3c1c822a80c278b566a555f7d4c0a,730,2026-08-18T20:09:12.800Z,
0x3d7BC27E3322A8dd28E65BC3471828c6F42B22e6,227,0x63eac0beb8b670e6d17732488be14a7a217e492308870029400081f14a5dca55,731,2026-08-18T20:09:13.320Z,
0x797BC498EdEE4357a16a1054dB0323CbD04C84c3,227,0x98dfca47dc2797bf32005424d425721da3156ae0ac5619c1effba36158e2fc93,732,2026-08-18T20:09:13.848Z,
0x7aF12D4365DEBEBABde99AFe405E1fDA9BA250A6,227,0xdfb67e0745ad6c0de7758a82036995a0781a6a8580929d0b44c8baefa80d357f,733,2026-08-18T20:09:14.390Z,
0x619D3242a348A4fa738eDcEcdFadE1b1b7A54313,227,0xeb9bca4e0d38a5603f8220a1bc060e43486c4e31315f3d22e7003044e5785a63,734,2026-08-18T20:09:14.933Z,
0xE00571FDBf7452E02CEED9808C46C6C6c13e87e2,227,0xc9a4173a3157a2139ed525022b29f3ae51b16ba9906a621342ba87b748b2ab48,735,2026-08-18T20:09:15.472Z,
0xc36E9A525E36375FA9e2C07596dabe8d20bFb7a1,227,0x0c0e73122b9cdf514591429a31a755a81299d4e38b38ae9bd0e0737939b04bfe,736,2026-08-18T20:09:16.042Z,
0xCc38ca3FB426a0c7Aa99aa35b4fE7486B0FA221c,227,0x953ab8197ce9a182d862d74841a9d9b1f6245831816f2156b85f91132dad1e2b,737,2026-08-18T20:09:16.575Z,
0x188ff41DA75F5E24c3EA3a3eda23FBAe53Dd47d6,227,0x1169ff5d3eb360f54e68b2b397da457eee9cd0013f5be5896e7ff7a7106759cc,738,2026-08-18T20:09:17.108Z,
0xba89d77797d3943c578567C15Fec84b64A83c241,227,0x3983baba5213bb689b14d18cb467f403acde3aea817829d0dd1ef7fee4ad87ba,739,2026-08-18T20:09:17.645Z,
0x2BB298AeB1a07708938221241896821a084C45d3,227,0x1fa3ae9713f1e633c0c225125dc95cf09e7982f082cba83127936ff25205e82d,740,2026-08-18T20:09:18.187Z,
0xa9820dB5827e42cb90c9c669b581cA77147dD21e,227,0x91eae6a31e0e8a2fc8c40ec8f918ec7e8f150da494496347fae237de32bcc36a,741,2026-08-18T20:09:18.717Z,
0xE870324BC3924c5693eB4dD998ADAE80de59D1a0,227,0x4a1af39dabb96f9f06c5acd3737bb80f9dbcd7bbd623eb4b4fe655354b52ec1e,742,2026-08-18T20:09:19.260Z,
0x88e05B0d20a02b8c6607e33657A92012432a1AA5,227,0x49a3fb9a41ac4b04b1578f8a9a1ae872d9baec4f5dfcfa66c95c1beaa1ba6e3f,743,2026-08-18T20:09:19.793Z,
0x2A5BE647679fA82B8136f5c236784b2F03224D45,227,0x95baf4fa6368ff28cf38ac573879c030f4dc8a85d88a63f84948157f5f2f5497,744,2026-08-18T20:09:20.336Z,
0x5027457c50A3b45772baFE70e2E6f05D98514ad4,227,0x2a01fdc98eb0771b25ebb524e7ebc13788f04302b019c7ec0b6b57fe0cdf8cff,745,2026-08-18T20:09:20.864Z,
0x36BD83aE4a411E5564bcbF5012ff0445f8D5c804,227,0xd5ede62173f7b5b8e779eff65ebab080e2e3e5a713ac14b6bfaaefdfe82266a1,746,2026-08-18T20:09:21.398Z,
0xE18de6510f624D669A13abA3443b1B41384fF7f9,227,0xa8181bf6143500d0d3380d507db7ab7c3467180d86665feaf10dfc1f3e9cd008,747,2026-08-18T20:09:21.932Z,
0x03906d9Ce98bbbc8B7242EcF9448A4B4D2310705,227,0x9f6f88ad815e8670e2d54008faf2e23865a5bf357c148445aaa5d92d8b887579,748,2026-08-18T20:09:22.468Z,
0x1C2433F30612C350eEeCaA2E72816D82bFD2192B,227,0x4526b63b037b3e5c82d2554eb2035949b9fdd994f38711b46238f9b15292eabc,749,2026-08-18T20:09:22.996Z,
0xE41941683267bDe6257E4489819Bec75DdbD7aa8,227,0xedbbf5429e9f6af015834089041573c9693df470cc69f18129296a883871efef,750,2026-08-18T20:09:23.518Z,
0xdA110cA6b85Cd99D8dbB4CE6911fF512bd5c2bC7,227,0x0aab3c1f3dd18e0d8582edd2e846e9eec994ebde714b7a65506d6d056a739d10,751,2026-08-18T20:09:24.047Z,
0xB1ea9e4212157939B2d7623FF610279527A7971b,227,0x56c152726e01d6a3b3cb3885dc734245be1ec11ceb781bbd65e9a68a73ca0891,752,2026-08-18T20:09:24.585Z,
0x8a0Ddea466615A63e9Ff5a83C4598Fc5126BD518,227,0x2f44cda0cf9838d7172dc71a8fd6820814409b15f8bf991762ebbde2a6c0fdd6,753,2026-08-18T20:09:25.126Z,
0xA1a3a4964Eb5b92318C148706caAdCAF19E705aA,227,0x38e65517cedc06337e3da79d6c720944c9a7b9b97e4e0b0bc57dc1ca78ee7851,754,2026-08-18T20:09:25.658Z,
0x1d6038A425059545996eB14E34cFb8A3b7791Ec5,227,0x7dc4786b49abc38f5cf0309513cffd3399dc7deff2eda9162904d6260974bd8a,755,2026-08-18T20:09:26.196Z,
0x220308cc2e3C32d1cb12D6bB290B189413bAE0d7,227,0x4f1810305fc7eeef69f09c5d63b3f812a6c3d4de8cef22958b1b71b329f6e142,756,2026-08-18T20:09:26.722Z,
0x7C634AF1246eaA472485E44af7E347F18238dA63,227,0x9a2cab05986815fd1d17c1c0305c543f906601dbbb097cf797b296f62a7eb1f0,757,2026-08-18T20:09:27.260Z,
0xca303673a45a527b9D865A27699270A2b10699F5,227,0x7450659df5037339724d413e3f007a2659f449d73fc4a68a04be5328cc48683f,758,2026-08-18T20:09:27.791Z,
0x26e8d4904e0784155B0D461cE9F9cDA21aF897e7,227,0xd2dfea7d6c3aac0cd598dd980daa5f1cbce5f352a8b376238318e686d2ecc54a,759,2026-08-18T20:09:28.320Z,
0xA95867B23955F98a3A5774645DB2B603baba4003,227,0x045ab70bf81d8f9e631139229b2441253ebfc7a114450d54ef0fee00bb7c2b69,760,2026-08-18T20:09:28.860Z,
0x165C2af1e86935E72df935E33fe1D3A9CFdFaAD9,227,0x5bdd3d2d9bbad12a26e2cde9bb0780bbba6c5551ddb26374aa369457ccfde052,761,2026-08-18T20:09:29.393Z,
0xfBDfe168D0556365b011D78BDD8c771017EE0088,227,0x874bda6701b6028b0b177228d35fcab989bcd675a86f039f434ffabbe5a032de,762,2026-08-18T20:09:29.929Z,
0x8A929195274cb1cA892CaB97Ff3080a503C35820,227,0x67470749b7c0216083a6f3e54dbcd7816ba6e49af25bb74fbd69bc9ef01a1a80,763,2026-08-18T20:09:30.509Z,
0x9B4202AA69CAD363B604d044C604C618104192d9,227,0xd318dd8632510b5b9d4917dfb0eaacf6459382eaefcdf376a730bc185cf691a6,764,2026-08-18T20:09:31.036Z,
0xcE10C23561Dce134ae20B32f8166A131c741F463,227,0xaea4eaae1a3bf46990cfe5d425e01d71585251630da804ac2a863d68d83d34d4,765,2026-08-18T20:09:31.562Z,
0xaD6734AB50DF91280f554859f6f795b83544dab2,227,0x6e5b679b927444cf9998739bd268e95cdb258d5b52b79417992a92af2565c221,766,2026-08-18T20:09:32.094Z,
0x5f63C33c985b0E8dd4FC846CAc41423A3875E57b,227,0x69296d138c3d352759abcc466dc7c3c7699a521ce97036e973137d54d7a7b965,767,2026-08-18T20:09:32.625Z,
0xa6c5032c6F4B50A2557d9aA67E58E04B85d2ad0B,227,0x09cc7519598f13731a46ed3ca144228e5da8ba45f4ebfdae2fd19780b9e1fcd2,768,2026-08-18T20:09:33.155Z,
0xa1a68B280f702c099C5Ad47A87392c90fDB37eE2,227,0x67708d83f7b27e699117ceab7d43ff2a2ba4f93982dedf35c57bfc71fe682990,769,2026-08-18T20:09:33.705Z,
0x73E3a22E9aEC8A56818B9528E32aaEA839A593d5,227,0x87257131258dad44e3ae7666aa853c3c18984c19097774ab8bd5bbf6d279493e,770,2026-08-18T20:09:34.219Z,
0xD7B36133eCFc79053B942750ED85A2DD99e70a39,227,0xb24b189139a656387a6e70aacfcda05c7c8459b318126d11698dc10ea8564baa,771,2026-08-18T20:09:34.778Z,
0x7a8a5731CF67F906dFd575e6F1B8314AD391e602,227,0xabebda80010777d0ae9d26fac3785836d51b1c5d85cd269e08546350ef0fae05,772,2026-08-18T20:09:35.298Z,
0xeA1239B7e46f68063C3E6776dB7c21bDd939FB81,227,0x7e7c588a9c68db2bc3a64bd3ca4f5836ba8292ee4d45990b0aeb4f04cdb306f1,773,2026-08-18T20:09:35.825Z,
0x0Fc5529117EdB4F728d0b8fF82b63fcEb10869D0,227,0xb865f18aa3646dbe7b9f8f17e4cd040b7d85b6419e9ec4694d6158da0b99aba1,774,2026-08-18T20:09:36.352Z,
0x1BB8288153A0D4Ad8dbb1fea6E87D3AD4b92Aa1E,227,0xc175d6a6b696742b903d5e59b511e29f542cb4874985672f574ed64245d113e6,775,2026-08-18T20:09:36.878Z,
0xe7BeDE38DBe553F71336B4e008F929b0155d78b0,227,0x7889b59f2920fb1e9048d52bb421e0035e09c3394c39e9d6b2d971df731a0a84,776,2026-08-18T20:09:37.409Z,
0xd65157Ea3e4E4aDa9720E55032F45DB99CE9Ec8D,227,0x6bb60b829ab18c871d4dbee1d74b347e3d83444207a91bc865fd194f52c5ddc3,777,2026-08-18T20:09:37.979Z,
0xbAE7dcB9EfB17fa81dE626631A93a86EC19F31eF,227,0x8a21ac5124131be97422abc6217a773a15262fa05890c72a3fdf04dea127a539,778,2026-08-18T20:09:38.516Z,
0x3439fb92AB36A208a454115931101DcC7cFf3775,227,0xef74c8d6d127013f1c8d08b880b5d0f4ca91a77ed6cafc1f9d9e6480ef985f65,779,2026-08-18T20:09:39.036Z,
0x7D9d0DA1Ad30d4a707A473C9e91ecc100Ff065ef,227,0x3f6e10dc54d393934186e7403e8668bfd697a4a64f9be222b5aa81ead2b43a11,780,2026-08-18T20:09:39.566Z,
0x9F2EAF590e91fAE287240C3EC87fcB62cF859a52,227,0x4bf47e1719e08e8c19f4cf1d2aa64178be13b875bba3d5b7ed7758c4c998cfee,781,2026-08-18T20:09:40.086Z,
0x2ADE532767eeDf288bf5fD44EDfdFEceA8803829,227,0x692406847cf0e6f7227dd80266aad7a5185280ec9bd579e682de61b0b3a409bb,782,2026-08-18T20:09:40.613Z,
0xf3F6A4d1C0a3eF76951a96De4c20365b55EE0f32,227,0x1d0bcfa4cc2c941ee480b8939c44f7e9cb6be35d1b1d4d44b204d346a2834f93,783,2026-08-18T20:09:41.136Z,
0xF283A9cb74336310A3B86c804CBf4F7574F87b46,227,0xa158e3fb10b7608299cf4f8f7b8879c6f2e8410e50a18f4544733870145b962c,784,2026-08-18T20:09:41.685Z,
0x36A8bB884431a237d65DA2A352D012432942fF5A,227,0xbc23535f7331d3c3e145ae2a997d1e652e7682feba6851b7d983fdbcfac356cf,785,2026-08-18T20:09:42.209Z,
0x88db703cd9Aae6555a3A6c769f3dD3CDe0a5111a,227,0x91f3379b0ded5813ed442553f95239267620961993ef277cdb7c93d8f905dbc8,786,2026-08-18T20:09:42.741Z,
0x1ea670B857172340A28A97786ebb834Ede72853D,227,0x8c913713d1944b7d5038cd652a7ee2c928c15b2cbf827c1f39349c4af04bdc01,787,2026-08-18T20:09:43.273Z,
0xD101676e46Db19DFf179b50584FC563186567484,227,0xa099ed0c86ed144086eaa9cfadc492269b1c4a9aef6bd45261bd4a7e9cefb9e5,788,2026-08-18T20:09:43.812Z,
0xb267584C20c2cd7c3a8B4E8425655D08348bcCBC,227,0x68918d9911f2ec5aab196ead788f8230a409467bf2cfb27b0f9b17651485743c,789,2026-08-18T20:09:44.483Z,
0x47400da4c778655E7E8b4c72557289321Dff098d,227,0x94bad4322496d7c4b21afbd1c86a89ce47f20efc02bee4a97748a36a66141a33,790,2026-08-18T20:09:45.157Z,
0xbA3B564e10AEB44EaCDF2d5A592d6adA4A7E26a1,227,0xdb61be7caf62edec02e7a1db2a977c9538a393adc11569c1465e94104040e5ac,791,2026-08-18T20:09:45.830Z,
0x6792bF376132c5f6D5A3393Cc385628486dDf2bE,227,0xc475c384e491c488b76c589f222c43726e251e50cc13cbba101b1357ef2f3e07,792,2026-08-18T20:09:46.513Z,
0xe37e2aD608Db53A3c2C0882548e9AF9E0dDF167D,227,0x01f550fb433652d4e3176964c463af4f95ea3a845102c9dfe1f01bc3e92b1ad3,793,2026-08-18T20:09:47.196Z,
0xa0e7f96D7E9Cb3E150139343404C2b9a3ff1D1e6,227,0xac8634e1148274377c3d5541db2d35b6d4922740582729c0639ed629bc5f53b0,794,2026-08-18T20:09:47.877Z,
0x52125738A4ac48f5A620756e6c63DeE6aa021562,227,0x6f7439e8b3e3d9c087276a982d1ad14b24930d48c31a7d83842d2eb3230beae8,795,2026-08-18T20:09:48.552Z,
0x582cd934c3f723b6D7e1808D571EFD8272aCc71B,227,0x88374f75937f00b419c3a7ccdb10cb88d81da865b31c4a715e2219ab27f33013,796,2026-08-18T20:09:49.224Z,
0xE559c07DCe06A2653b4323AaDbb5878aE851FeEf,227,0xc5def0c028c8e6a4588babf82f49d186e1ca663592615bdc02f8693ced0e3e99,797,2026-08-18T20:09:49.909Z,
0xbCE77923af5Fb2aBA681d3722Ff86Ed312F0668C,227,0xd578174450e762f3fb84dac0467e1b16efb0213f7dd25e3cf55e8a43f792f686,798,2026-08-18T20:09:50.601Z,
0xC2697a89eD1c18D8b7774ad2d38FCf8E0C1107F7,227,0x6bb6f3f26d2e0b46edbd5d2a580117a96baa7fc8ef97681b8cb7e73197dbb519,799,2026-08-18T20:09:51.276Z,
0xa3CBaD284c6A1786B23c0dc0684E2C3bfe40b0AA,227,0x72b5b51dd94e06b515b16bcd02f594578b6c6592c2d8819f15cffeea060d80f7,800,2026-08-18T20:09:51.950Z,
0x1a7B917D3E7bCf2f6f2695C197f8838E9Fa30eFD,227,0x7a38b1202dbe358dbb25bd42e43166087d8fcafa7263bfa504712494262e9bbb,801,2026-08-18T20:09:52.621Z,
0x9Ba418f7607F1355BDd4Ec55FfBC9564A3F368Ee,227,0x7b22ddbf6280278bf883abc630a6a3a72f263d8eded4f7eca89b463a700d30d6,802,2026-08-18T20:09:53.304Z,
0x6da35093D7661418Dc24606B5d3478cd1e64124d,227,0x31b094a24b12d153b4a47a9f1812516fdf8146ed4fcaeda57a06e0b1ace993b5,803,2026-08-18T20:09:53.990Z,
0xA629309d3A6d2c9443993fc35D8E1D74d12D08F5,227,0x1f8b2c50c0508f4ca3f9d319833e4cd8787921cd4ff2c1dbca12ec1942c7d99f,804,2026-08-18T20:09:54.665Z,
0xE0Ba96B487155d788503208ba3DEeA396e474829,227,0x07b00c6342baa1688f570bd298e0d3c0058530c7545a2915e01fd53a80f7ed51,805,2026-08-18T20:09:55.349Z,
0xa58A800CcbBf800329005041354f9217Ca113d74,227,0x5f992300cfabe490e158984a9f5080525672d1fa368bfe03a62ba076d3512937,806,2026-08-18T20:09:56.048Z,
0x3aF1205A9d1062Fab8dBe6c35B7e6630a00d2c1C,227,0x5487e52e42ccc016cc3538abde1ce1e8d6dd7d0f3dc3455316bb3b53e9bd756a,807,2026-08-18T20:09:56.737Z,
0x673D38AA74D59DF8Cc33126Bc081Cb3Cb9762299,227,0x70e9be135a4423c528f9ef598bd71f8cfba275df012654cdb8d4c668fe20cb56,808,2026-08-18T20:09:57.424Z,
0x247024d9C0169F704D9a192C830A3C749D8757e6,227,0x2a10e5c9d60c461565ee1b0d608c5e399dd824b7e56b8dbb0813822c390a37e3,809,2026-08-18T20:09:58.140Z,
0xC20e57Bf666942C7B7C60DD9111d76eF439a23F7,227,0x6e4d6f42cc75743ed2f33b269d86670dea289bc9d6ba7a2f07b86041d66fe52f,810,2026-08-18T20:09:58.819Z,
0x63c9E4f81716dEBc57dB9Fbc60600106a44B9964,227,0xd3ee43c13f4a6225b00c83d744169fabc733f8fb3d7e19f2134a058899dbddda,811,2026-08-18T20:09:59.510Z,
0xC3BFE8D9CFa42Fb5FC917E1862b2EfC335A6De71,227,0x468ea6fb46765f85c54b8f6ab4ac80cc69ed1295e2a02b8877c73540a233f0f6,812,2026-08-18T20:10:00.184Z,
0x8A8beB956184ED109795F08a80e0b9AB350F804C,227,0xa7905e3cdcc297614408326905b0989a2d9df48859776af9759e1164f5ac94e6,813,2026-08-18T20:10:00.725Z,
0xb27A5D27bB1176A2c3E94D0cde7F6c9Da61A69CA,227,0x60d3c9660838788e86e18fc9269f9b7cafc12bd40ccb614563918592993e2882,814,2026-08-18T20:10:01.241Z,
0x30E5BfC4A3FC3498d3ABC2724313eA62059c78b1,227,0xc39886f94156f7a37210d638a93ce3022d63d79f12afd4ded7fe09fc58054dd6,815,2026-08-18T20:10:01.791Z,
0x33383D77E74c01CB1102b25EB6b9083DF3Fa8341,227,0x889586e0acc51d4a64a80d31bb5eb9209f6fa19d4c86310eb2bb1251580230ff,816,2026-08-18T20:10:02.324Z,
0x15271c79E73b58dD0A70EC52743dF7A58260A041,227,0xf59922c6a1cc99b4a9b3d704db3116ccff25c9f295d4577afe7a4fbae69d11ee,817,2026-08-18T20:10:02.866Z,
0x2B29833a831207A3B92102b0708B32D624AA0F65,227,0xdcc963a311955857662f03c0b60e8c71c06c77b528ad2fb8f688e215162aa504,818,2026-08-18T20:10:03.399Z,
0x40329f3E27dD3fe228799b4A665F6f104c2Ab6b4,227,0xf9e1f6afc9d186f9efdfa782bcb242d2957bb228c03fea49f6775182c9a8194f,819,2026-08-18T20:10:03.926Z,
0xf73BcF71D8d0a8609eA6Cce17f984c1eF395A98B,227,0x7250c5c96f1f1e21d9daf953c00fe58220db5cacac0c9e4135312974384b8d6b,820,2026-08-18T20:10:04.457Z,
0x2a52B40213E6d7e11878064F08f5cb3DF17df894,227,0xc49f7fabaef132de4bbbe0cb021e1696c589691de72455f6339d9abb22f519c0,821,2026-08-18T20:10:04.986Z,
0xA24Ae1daAD035a33F65Df1c6220bD6187369a9f2,227,0xab9b52c81fd953e2085f1e674ec14e0547db208eb489d3fb3f3c7c3a2cf742d8,822,2026-08-18T20:10:05.518Z,
0xc776F1aE6502078F7654E005A998Cd2D05398dE6,227,0xd5b5c39aa3558860a126e7b857c73b840f7a3faecca9034ef8c08835fac25aa0,823,2026-08-18T20:10:06.037Z,
0x003dF61aa894D482067C256D512C6980B7c567f2,227,0xb6310cf4906b9258786621567866f5adbd18e1fc299a50446ddb51e4e56e1639,824,2026-08-18T20:10:06.571Z,
0xDc9C5e34959eC3643AF1e1D34A83D6b251AAb1eF,227,0x156b16c6fc8f458be609fc1f49c906f6a2f8851f8c9243775ca3a4a07bae5b9d,825,2026-08-18T20:10:07.097Z,
0x58e36397c3e649DBa04aA2A9D360a09C44CD1350,227,0x90cbc6a81b19e473960a5d7b1b4b8612ba12282c5eb61bcb5c38c94912857503,826,2026-08-18T20:10:07.628Z,
0x72B6E1Fe1E6C37D6B6492715B3E3e45a799b3af5,227,0xa13524fb29ef120193c7dbc426072c6e76c9fdbc22826e468282b6e7efb3c956,827,2026-08-18T20:10:08.164Z,
0xde6D22B7B9ff1b05aD580e073bFc6fcc00CEb561,227,0xe670e231a6689cfb1d13342fe87699872a631914a952cd440dc65c3d2bdb72b2,828,2026-08-18T20:10:08.694Z,
0x2CbfDFBf7f538f10D4C6e80FAD0f1a90b0a63cdd,227,0x7b3926f825c5484df577700e0c834055ceae96f8f7be2e272434c1a76c665a04,829,2026-08-18T20:10:09.239Z,
0x2132b33a7FCe1CB15D82dc1180EbC78BE3173089,227,0x740a48cc9e0427942921a20e853c698960d9a87606f2567d796b4f7befcdea3b,830,2026-08-18T20:10:09.765Z,
0x0b065f6d13f79ad0C3f1797d8a8aeEBb5bCA76Ca,227,0xa37fbea3f5d5b07b919cd5dcdddba748c74dfc44c811395f19faa897e2c0e9d9,831,2026-08-18T20:10:10.317Z,
0x472a483181cAdA4aD2F52a476948594435592555,227,0xafd4a5f7fc92273b9fd5c84c4e195d816dcd85ed10935bc58d678cfdfc786286,832,2026-08-18T20:10:10.853Z,
0x725548927Ee519b0222e9e72E2f271c1aa417DDB,227,0x0165ca837e4b9ae04b960aa7deed886ad2826748c2e6f16057d7c15af621ef01,833,2026-08-18T20:10:11.379Z,
0x2865fca7e167b233D8015Bdfe501c814fC0BC279,227,0xe32996bf6f7457c9bb51b968da7f96699ed7b4a888fe8eb6aa80979760e53b15,834,2026-08-18T20:10:11.908Z,
0xd0f30FB3D7e52CE14876447338f3Fe88B56C0ea7,227,0xacfd8c45f8c38b85bb26eebad728d2f6509ff738d8683d911ae6f1b43b3389ca,835,2026-08-18T20:10:12.430Z,
0x53d8030093248268A697A6Be3b252628D59DEEE3,227,0xcd0c494cd25823e4d0e907c2fe6979e59cba5e296dbe613b73d24e0560e16e2c,836,2026-08-18T20:10:12.961Z,
0xbDf79692C2e58601FCb3b903822D4cE4c861AD09,227,0xdb1d7016a8df1f59e6dd639360828fcf9b89a1ee1f9314e7b686bf170e6a15a0,837,2026-08-18T20:10:13.493Z,
0x203FB5Cf023fd8C01463114b809C01Ae00F6a3f8,227,0xc19269b73df7fbb5d12efe00ec2de65584f5116551d6518f01720d1c2903af9a,838,2026-08-18T20:10:14.026Z,
0x83eA2758Dfc0E54c4a322fC5A25C904a224b4029,227,0x9b5d76180f644c1f6e219ab3afbd54f7f898182d79f82fcd5dafb613bd02e54c,839,2026-08-18T20:10:14.550Z,
0x0d52E60bF47B211E77b7540c0A343Eb58Cf90fe8,227,0x50e77f09aaf98a8f2f9d82471d0f78cd53e8d0d3e91f646cd0034ab4be1355f0,840,2026-08-18T20:10:15.088Z,
0x96dEb7013210b90576f848BBfd7917190a3B6DCa,227,0x013d9d2a759fa23ba73a90ebc367b2b20da86925f92df88a6b9542d1b6f74d5a,841,2026-08-18T20:10:15.633Z,
0x0cB0Fc9D89E16Ac5F96545872BE55Fe65a39B05E,227,0xa683adc813b24091f42eb57a016c87a338ebf12a34fc92378ac964597402f77a,842,2026-08-18T20:10:16.158Z,
0xd36457d31f37f84BCf002C2b1a40977d40616d85,227,0x3833d2dbe881f148f5455be7cc214dafcb876648a0268e37b4584f313f770bf2,843,2026-08-18T20:10:16.683Z,
0x43003f60DeF9A533674d54a752324fBc059dE7F7,227,0xe61a34147f5753fce041ff1fc027fd28624159a17c11f38cc7914c77aa9df49d,844,2026-08-18T20:10:17.311Z,
0xc052392528D793Df8D46823A440d3bde1eB3505D,227,0x75bb9e04001d58210606809cc34d89a79b4f16e36447fd8f89716c33bad27a6a,845,2026-08-18T20:10:17.841Z,
0x708a633Ba349E4DC1705CFAA607638fFE63a62CB,227,0xb5e568bbdbd84df615148c0359cc97bb3ab720a40849a8550e064f5b4951c40c,846,2026-08-18T20:10:18.369Z,
0xDfa47933130F34E770c59b7ed218D7d409e5882d,227,0xcdb9f63e0be38073446ecb4ad98d7780c8568e90df74f265f7dd15791ffb586e,847,2026-08-18T20:10:18.979Z,
0x13A27e4a326393BF3f9723B9a2f12C1564B879c3,227,0x40a0ba0950ed52a92e729e23d50a62f8893cfb12af37e67a7d6001044b86c546,848,2026-08-18T20:10:19.511Z,
0x4A0Ac205A434Ef265DCEaaFdcDB3932D063e5C40,227,0xd6ab75a6d7a83c6e955044f8947e83b976ba5c84c43b633b20f9990c4d9c2b6a,849,2026-08-18T20:10:20.056Z,
0xB46f8460069b0e2AF48856024e1f49bef5C23167,227,0x00c574822e8552e44d603e55f462acf06c8bb4bc93b6299698b9d97f221b4bd5,850,2026-08-18T20:10:20.593Z,
0xb892CdFD57e0459551CF1F0a515b3068C10F8D8e,227,0x644adf5b0e5320e8510a32188617423ca7511e92b021ac83b9121994a54f12a5,851,2026-08-18T20:10:21.136Z,
0x72576228D803ee5edc07B6BB6C6aac61C0529665,227,0xee6a8563f74307eae695c646108870fac8ebd84862ffbc6d6db69203d8820dd9,852,2026-08-18T20:10:21.666Z,
0xf62d546BF92b3E54f95205cEd6D88bdb471F4f74,227,0x4934e7007698bb044936d1f528f4b4496ce822a535c03d68239ab9f620877018,853,2026-08-18T20:10:22.200Z,
0xba818e7F6b208F5A4f7Cf282A9248D221144E4e5,227,0x7d126ec61fb5473e61230947875fb2377dcf0a768a19fbb4c4c1cb3537784f24,854,2026-08-18T20:10:22.736Z,
0x243438C382ff0778725be550b227e4E2B31A71Cd,227,0x250854eb89f1036001b00f6737465c7279307b1ae0dd37cbd066e0580ed45818,855,2026-08-18T20:10:23.262Z,
0x24612508A2cbb40e4558B7396C856200E54F3C68,227,0xe487bea3c4c3887cf1be1fe567b70fbda7c287546b0ff825b59ffbbb7f80db87,856,2026-08-18T20:10:23.795Z,
0xc3eD9cBa21F66ff7e65dD1972C55e28B227Ed8bA,227,0xd459dbc6431d0239fc869f62a73d4284d3d1ff3e30c0041c846aa47dfb6912be,857,2026-08-18T20:10:24.320Z,
0x72A5d23D677AEb20cf42F16984cbA48c11153813,227,0x6ed5aac1ec838685a1d386562eedf1a509eadaa57ef40429e78cc8407745b57a,858,2026-08-18T20:10:24.854Z,
0x606F0a6A5324Bf581866f6D2A61755246829bd52,227,0xd7cb0f906e45da95235588da3207e7211504229c1c3e95105e375d3b91af7fb5,859,2026-08-18T20:10:25.382Z,
0xF5Ed5722FB6Be3038EbE51184473d292545a8424,227,0x92ba636e1afa107a97c09195fd92d5584556486ea007c5a79010d4ec2d1e7d04,860,2026-08-18T20:10:25.913Z,
0x12C0B3695095310E6968447E471c0Ae9a5b40E0c,227,0x3885a3ae50b9011d747f0727774b64bca5091dc7551f4cddc6e7b320e0083f34,861,2026-08-18T20:10:26.431Z,
0x76C1Cb279E64F35cc9F06468bD039157D1E19205,227,0x1f19b2bfc920b1d9e196d4c319a825b7c6c0dc848df3945cb1c8f242c296faa1,862,2026-08-18T20:10:26.957Z,
0xA31642F44293a9d9DAb519873e0D2f9F1A3C0660,227,0x8fde1b983e6f813d653d375e1b5e8fd89f05b64727abda66d4181c4687d27f88,863,2026-08-18T20:10:27.490Z,
0xdDacADd4681a5A8E7b03799e98090C7728168C2E,227,0x5d785565abbaaa7a5f6fe8d016c844f078b594a9f6b892d35223f37832198989,864,2026-08-18T20:10:28.016Z,
0x0ED82197DCD65E481423097FE905Bd1A442Ee4Ae,227,0x01015840f813130b5c9dca3f1684dbdcfbd0c65c280243a035251d14094661fd,865,2026-08-18T20:10:28.543Z,
0x895055bd23CD3E557D84AbDe90Ab67BeE818b8Fc,227,0x54d6a376b7edd84188e27f5a5f8c6f519e91fc9fd4e4106246de2951668f6113,866,2026-08-18T20:10:29.077Z,
0x68a68eA09F8664fAC750090E6006De18E282D333,227,0xe87885278ef08fb6a1674afa385a0f0da93e518082fff204c761e79962cc42a5,867,2026-08-18T20:10:29.605Z,
0x45c473363FEcCeE7C3695DfC43b61b1039fA306C,227,0x3e0519bec572b4e228c6a9c589c59c9084437600c8b2a00666242b14f7a57ed1,868,2026-08-18T20:10:30.133Z,
0x53F843c546da92A14570b605A7EDf5a695101064,227,0xe0738a5f189d7dfef3884020815af5bff701dbcf392225b70fe7b52c54a17423,869,2026-08-18T20:10:30.655Z,
0x1Cc626647b6e73a61E6B21d73C15e15d3C19e000,227,0x7821c76dea1653ec6e737fdc510b7c8b6646ab226718d81b3e4f5e13d743d164,870,2026-08-18T20:10:31.177Z,
0x6A271373709f36dF2F6E6B7d8a11f23389634FbC,227,0x8cb38795fa39add7b859fa31527cff2728bdf4c05a88549a7c7552f68e872cec,871,2026-08-18T20:10:31.698Z,
0x4CDFBb8a901fca3C1d2938Ffe839BA71F42CbEbD,227,0x9f9ac0f896b87a6c92417801bca51cd0ecf4ae208454889d7d032f5e07e8a546,872,2026-08-18T20:10:32.228Z,
0x2Be60b0fb138479F7333086Cc2460620436A110E,227,0x41032c0dc61f5d3b1e5cc07b68791536bb77e0a59f5caec3c9b6060eb56d63a5,873,2026-08-18T20:10:32.766Z,
0x23D3c0d5e8226F18bf58BB3C68b149b3d7385936,227,0x94b494ee126cfb2a963a81461fe59c75993a087c81feb4639296a0b517a9d454,874,2026-08-18T20:10:33.290Z,
0x4E09d8a5B8DF253b53D116852A9870A6baaAFC14,227,0xe56f4ec8e876bfeb0cb1601abdda9c594fd90af961c8734ecf6cff4f18becd7e,875,2026-08-18T20:10:33.816Z,
0xF0a9f1A1DD5758F6aB1c552428B5309F51c21ab1,227,0xcb53476d42acf8a8d3afd6de4d8b78fa50c1462d63d535883b9f9d638d772a99,876,2026-08-18T20:10:34.347Z,
0x41adD7f9B98498B09073027053D58Bd37e3FE736,227,0x25fca4fdd9aa210a3597a067177e7f41af7dc1f8fec4c66a560d55d487c81f89,877,2026-08-18T20:10:34.881Z,
0x4D07212d7d3cE80D1aBb0d7e3fB5207B01ea2ccC,227,0xe8a340c6022281149c6faa782967bd45ea0e2bf8dd8b8345c7420e753bf0c297,878,2026-08-18T20:10:35.405Z,
0xD37F7D7E67CbE0Ea1ff31f038e602f17eD42236B,227,0xdf30240e894d8f85a065d4e433dc4142ae34d4d7978a8eee5d2b2fe709579e59,879,2026-08-18T20:10:35.923Z,
0xDaBe9D23927BB25afc59f675Cd8dC58E926764b6,227,0x10c96b8ea9141a9abc092b083a33728bf87f9c0a1aa76b1d638d9a2f76ff09b2,880,2026-08-18T20:10:36.439Z,
0x13Eb487CAB05887612F1207572A4db375dAd04A8,227,0xe3b9af80e291a1f6b9be570c570072e87e04b2d50df37369b13b90e8cdec95a4,881,2026-08-18T20:10:36.966Z,
0xFbC4afa6Bf89397539c6eFD7A2Dc6a1a75d2cf73,227,0xcab127f04541ba85fc28b37cc27656ea2f65afbb729e9c981ce9faa4c2e7277f,882,2026-08-18T20:10:37.509Z,
0xb55439ecC8d04a042fEb83628576Ee8beC20CfDf,227,0xf00b70ccbedeb3dd75611c489a1daad3cde3b61568438cd82c9b572c9ae45271,883,2026-08-18T20:10:38.041Z,
0xC88291A6491E951b14568a97aFcEdd576DCB87BA,227,0x8195c2503279e5b642d501ffa4f9c2de3737b05449a558537e5c74bf824f10a1,884,2026-08-18T20:10:38.579Z,
0xA60aB65B7Fc55F5526Af0b8AB038dc621606C8df,227,0x6f88ee393aa6bf76f7222eae6d1c5172d9d2ed8597967445d172beb33dc3fa5f,885,2026-08-18T20:10:39.111Z,
0x271D3CF14a3D2A724E613B94E20b2487066765E4,227,0xf1e796615fbc8a39ad6c8dfb3ce9bcc8849a5c9c53a9ae4576a770d17e18f649,886,2026-08-18T20:10:39.645Z,
0x8a1EA8fA9d5Af1c0534e958915241486d526F62E,227,0x7895d9c2fd22df03eb23e6676935e78ccc1fc5cc592050085f07bd5c51cb8b34,887,2026-08-18T20:10:40.176Z,
0x36C39434dB7987Cae67233D06de9427c4C67E787,227,0xf3d21b479e947b3959bb9160c0d16b45c4e20a4064945453559bb971ff2c3e17,888,2026-08-18T20:10:40.744Z,
0x663BD8FDE233628A5009D01163A4131dAC9522aB,227,0x509dbf50efc8b2b65c7e2aee707a2e5bc4f7d3dc9c6f872a66fa7a5c9ebab4eb,889,2026-08-18T20:10:41.297Z,
0xc23266874B30f114b1BbE70753Ed770B1c01a38e,227,0x1992c716764d2a5db5764cce2cb80ec2b25f3c82019fbbc50511a717c1e3c9d5,890,2026-08-18T20:10:41.837Z,
0x45C3707c25eCe1e4705a5d708685f0a77Dc18cD1,227,0xde258a903b4269d8802c4b952b2c6b4a02a306e1d9376a06443728eb5033d05a,891,2026-08-18T20:10:42.378Z,
0x8D1Ed351E283DC35F3a67E2631b9623eA0817A78,227,0x8e1d7766a866bc451d8bbb4ba8b6766d953c990bfde0e743e515226af38ac4a5,892,2026-08-18T20:10:43.036Z,
0xe7E54BD49Cd04f439610392e49AB8Cd2A159630C,227,0x89f80b0845f4df98c8368c4c7fc075e95d4f31b3871225916f248ce211845b9e,893,2026-08-18T20:10:43.581Z,
0x4f0521834aC9a1D40FE9D1a199AFdFDa51C89687,227,0x66453c1a33cc8a07c518c54adf4a5dbd13ea4832bab428c5bc04c224c38cb663,894,2026-08-18T20:10:44.120Z,
0x92fE8457074CA90eec89D97344cB7Ea1c602f2cf,227,0x1364f38691570417e70f90445300f28ade23d645f939cc94b4d409e94553112e,895,2026-08-18T20:10:44.803Z,
0xC686dA2a7F70F373908040ADe969dA881d455654,227,0x3e1fdc1ebe6e382da2d84e1ac877effa9144ecdef19b81a4c18466864dd437b2,896,2026-08-18T20:10:45.493Z,
0x0A8dE98D467eFfAA9eF602f43cbfE2813b77EFAe,227,0xfc02581adeb0bcda073e3e7721bdf7a71ce92854daea41b71bcffad688c6c565,897,2026-08-18T20:10:46.177Z,
0x153522110aFcf319C9Bee8CD7B8046EEEB05d14B,227,0x05141f83169e1dd9d3ba04bbe80a8edfea3116756a967d89d91a207d259fd9b8,898,2026-08-18T20:10:46.854Z,
0xdB5AC0EcbcD933Eb4588DC90a8002384086c6c1A,227,0xeaa6dfdf0b4c12de34f6d90f222c4d2b5845c0c2d03d3744cf396463879e72d6,899,2026-08-18T20:10:47.549Z,
0x77d871dC1852420ed6b0847264EF4405572e4E4c,227,0xed48edd86af34cb4fd02e0c84ea016cd51fc7f4f1621a2b6dc6b782276ea543d,900,2026-08-18T20:10:48.260Z,
0x8C25CAf7e3873D1d5B4973FF7E13af004d7C98cc,227,0x892576c3c5e6cf2c60b6c6e85be0de04d6c25beca36275f3f6d0c9c189d20ab7,901,2026-08-18T20:10:48.996Z,
0x67fE79570ae78F0292dd8CCE6CA1bE1A6880837b,227,0xf2bfdac54218ee5bcaea7670db89b06aad533e1a059d44af696ccb22e0593b41,902,2026-08-18T20:10:49.693Z,
0xE00A67B21Bf51782E01c5aa06B9c9B4781f5aaF2,227,0x30e0f533d9b0cc632d6d72040aeb8ad8cf3749c5ba80413fb646afebc60d7b8d,903,2026-08-18T20:10:50.368Z,
0x6767A7296ea3bDe8c01A1678E0ba3BeB2917cc80,227,0xfd64e7637f79e1b273e5cd195131a3685ba96dce581e8245684ea9495cfaf176,904,2026-08-18T20:10:51.075Z,
0x9B18bD08C490e96D9Dd8E53f4196AD46208a7C0f,227,0xc96dc22522174663a50c67730f63b65ebdd5ae0ba43b21131915e26319307c51,905,2026-08-18T20:10:51.754Z,
0x0b0F9f02d9aEF778433dea88C4BEC341D6C86834,227,0x3b1306e8e0512b182e147df43fb62fd77d8cde0cf1eeba5e9dbc0bb83b56b1ea,906,2026-08-18T20:10:52.448Z,
0xCf26C371A40fE9E707EF52BE34180F0e8f5c8AC0,227,0x36a2c6aa698626c6ff5f28369e3be1183a99184adc4f6e2c221e7248f21cf3c3,907,2026-08-18T20:10:53.192Z,
