rank,address,wallet,buy_tx,buy_block,usdc,venue,nonce,eth
1,0x4c855204c4eed411a03d20ace673d08837a8f5ee,delegated,0x08ac8cf6ee61d15497bc1def61e951e1b91a04778a4cce1ee2afe80dba0a7549,50142836,0.103126,LI.FI diamond,9506,0.000222360084899694
2,0xd7b4af433b9c8565202a13f1daeb7ea003ac5363,delegated,0x688eacbd839201d0deabd807f669a3614bcb999a12b04a4f0e635df95ae6b9ae,50142822,19,LI.FI diamond,268,0.000070066955443437
3,0xb11433b6fc63bf0a5a854ee42a225d5fcac6efb9,delegated,0x1a9df6adfcb91f562794b3b03aff94d2bea9bfdafc5f35d6874bd1bed602b824,50142816,2,LI.FI diamond,113,0.000250524530703389
4,0x4eff2f739b1b0d5719662f9094a06a742ed99c43,plain,0xe0a08287a60fc5512b8b0788e9a816fb1e4ead21bf11b6947568010f88ca96fe,50142807,0.4,Uniswap universal router,1157,0.000774004833741811
5,0x786842fe74724150a0a64640916123b9cdd88beb,delegated,0x562161f04ea11fe4ebe94a9dca28c087bffab45eeb2bf7024a168856d24950f3,50142806,85,LI.FI diamond,7,5.77619937691e-7
6,0x1a4946845340e4aea4d7b8e0b6afc12ab293ea9c,plain,0x55bd42e7c0a47b95142078bbed949660eac353201e61f450679420bdf5548298,50142778,4.977819,Uniswap universal router,72,0.000429962020317679
7,0xea70aa26c59d16e7a650f3a977670fa0b5867eef,delegated,0x5b21b8bb00d5196a761e7a569500ea5a3307d3c11c924bbce2a4094d7ec3f43d,50142755,1.14512,Uniswap universal router,1112,0.000824947051166288
8,0x11648ec6e43e80b704ac974a1232e52602fc59e9,plain,0xf6b42ca40f0cf9d33e891d7f7ca8ec903862d6fb1387b8a2d35ff6dc07563dbe,50142737,0.254491,LI.FI diamond,8,0.00004061544836828
9,0x4ccfe7c78b8bfbe868098109093576eab20d239a,delegated,0x66f176e667411d21ada47689ab985a36b6312b1be4f9f69ff714bfa5f8e3e3de,50142729,200,LI.FI diamond,21,0.000133351412030518
10,0x4446adc0b8136ffc55ddb7a488ba5509ace2a5ef,plain,0x10223baaca62b61d4ad534bcd53ad6c7e39dc738ae1871498c72b5a477e07b15,50142723,2.628478,1inch v5,407,0.01899311161344753
11,0x7e9636f85ecd30bf9485e1d6ce03f00bba294638,delegated,0x3852505a56f527838dfa5b6743427f247cc12d690b1e2054584b77830892059b,50142712,3.07,LI.FI diamond,70,0.000133282540092167
12,0x7c26bd38d2c6d340359f5113bb83a8aeba4563d3,delegated,0xbfb05140fb436cd3a7b1d53f6d9e5ddf355f336560cb06bfff99b3ebcb421da3,50142687,15.508871,LI.FI diamond,795,0.00244524741164367
13,0x1258b7cbdf93863e3b0e43c9c2a5d7ad527a6b3e,plain,0x61db12530e1162049528db3dec34fa0db7729107a5ad5cc0fcea28ecf6a4b12c,50142683,1,Uniswap universal router,460,0.000520894273379115
14,0xdded700e72d4a6734f598c3055307ad80b85279f,delegated,0x4749ced749034775e67dee72f73159024c9ed60a7728b9d758dab638238cbbd3,50142681,5.610593,LI.FI diamond,67,0.003856118112600862
15,0xb9bdf1119052f645a8c8b4b223fa14c332a90f09,plain,0x0b2ff95fe6e2f6ef5b3ca7acf4c326ad8645390317669863cbce657dd0ea5307,50142672,120,LI.FI diamond,70,0.002482357270846732
16,0xe0fbedd9ff33136ceceb24d13d7ba664e8a947e2,delegated,0xcf220e7b60af4d72317b0254628522bca79d16d2768f1238b89007be2dce7e43,50142665,5,LI.FI diamond,303,0.000006137569323243
17,0xf3142ac12fade0eca7f961b1da24910e80ad9f5e,plain,0xb6d14e9f4db081e4d388a825e15b95b7655236fdea3aa1056e15d226af32423f,50142582,0.070259,LI.FI diamond,161,0.001054367212819807
18,0xfab2c82ee3af3a26a5659e8644a8ccb25404204a,delegated,0x3f5b5da8be16620aebe05d8ab4ecf93a38683b70f688d8f87bf5d5fe5476cb8d,50142560,6.966203,LI.FI diamond,347,0.000498839896081271
19,0x3c8f6d1559d1e2e4f48d51b4bc5fdb5c783a8940,delegated,0x17bbd524d6a94f094eeb3d2fd1aa7bbf4b76ea654ad5e535cb39f3ce878713aa,50142514,250,LI.FI diamond,723,0.004439739683920646
20,0xf368ec1e69332e843058281f8652a362e565d27c,plain,0xbf73508096701301d0cc48e530c0fff17b7f1e1d40615c8216fbce94d996b416,50142466,0.03,LI.FI diamond,58,0.000310171782922669
21,0xd678aa4909b73dc264f66edee1e22075e055bb3c,delegated,0x7769f7f9d5fb6caabd62699899df206c295c3013a7fb6431270fb871beff886c,50142445,50,LI.FI diamond,1655,0.003073611604985976
22,0xaadccd10fe856c2ee723268067d64a732b218571,plain,0x35c1b3eee2a216b3c0c3fbdca70418630ec7a1c78b48723cec912633922873f8,50142436,20,LI.FI diamond,254,0.003145600008491103
23,0x1a28f22f423a05aeac2bfecbd89f1da32fe313a9,delegated,0x45fec1a5c1038652a7f6ec6a4217ccd842835fabf7e055acbae0c61f38fdd6b0,50142434,2601.577802,LI.FI diamond,616,0.00001011171639305
24,0x0bbbcf976e4d8a4ee27aaef0d7431e19d4c30b04,plain,0xdf222d3a8a73a4027849eded930a79b48bc3e330b8ea549cf71ce23dff4de822,50142421,5,LI.FI diamond,3575,0.010193198155443265
25,0x1c1114c9c9d3a08bde578be59ff6cb141ee4b288,delegated,0x397427cde54bb52930b240999690f8cd6a7f742d23f269417c1e643f8b096bdf,50142395,5.000919,LI.FI diamond,6,0.000290689284433283
26,0x5c3fbff051b2fdc863602c96cab483fd9a31fc76,delegated,0xd547d940069e2bcb56fa8c1b6957051bf7a41ab0cb7e819e269d860a0dbd6686,50142387,1,LI.FI diamond,172,0.002687785774449048
27,0xd6f14caf5db98820628e0acd3e3a7009b96c8861,delegated,0x03d3949f5921d7267f703a38865a4ef0b23889679070f8c00768059862184552,50142381,18.021226,Socket gateway,6078,0.019335395829290204
28,0x2d460bc9d544bd0fc08bb16d23e0849a13dd6095,plain,0x61c3b9e435c3923ffd2d2a09b678a3cc2a6f5a9e2f0304732cd07b424bcc5aef,50142351,3.582513,Uniswap universal router,2272,0.00372207434169376
29,0xb65814f30085a7510b8dccd902909455d2d112cb,plain,0xeb4fa616acf748223ec7f5e66d9f10f20a9617d5bcd8bc38fbd0a13ca923c282,50142338,2025,LI.FI diamond,836,0.007924202258260689
30,0x2d7f5212e93740a74b99d8a0799b4514061dbda5,plain,0xf9fb43f565becdcf3afd87732d046bfc42b0f5c30174dc692075ad1ce29cf919,50142327,588.570586,LI.FI diamond,4087,0.34981178853730244
31,0x61f731d33f38a1ab542eb04ac1a16ea462cf3ec2,delegated,0x0f218d4e10d0c788391927104d5c59d1b162aa2f98f625cb47693c8789610050,50142323,0.05,LI.FI diamond,339,0.003654712612122357
32,0x5348d967296b3a76fc1940637299d0e6ff9f52f5,delegated,0x609b07cb820a946288999430bfd72fa4b87bea58e53b6e59983acf510c3ca680,50142313,9,LI.FI diamond,228,0.000115463880249035
33,0x1eb968823e82e95ed43cb8e4a5f27c9a23315a39,plain,0x68772e9fafab3508519c1695096fb7831a46dede82eed971156e24b20b29bce5,50142302,100,LI.FI diamond,7,0.000182403848722993
34,0x6817a589eea463054a5dda0e938f92d6eafff8fe,plain,0x562b5e5c39fbc32813939e1d11a8e4cb860155d9e75bea314471f8bd2be1ab1b,50142228,3.1232,Uniswap universal router,283,0.000024532940985032
35,0x106e6e9e9b819416963dbea243d020c4089f4aeb,plain,0xc8046ac9b95d70436ae8a2a0b48b83977e2a829b8d0b07eb1d89a683075acdfa,50142210,41.21,LI.FI diamond,746,0.04512204080494758
36,0xdf051b4f9eec425bb74806b5a26522b32aa0d09d,plain,0xbb4aaffc48d7ae26ea208adca33331451a2f79b3d3fceab4e5c2ebe99c8f7066,50142188,5,LI.FI diamond,61,0.004240168755908571
37,0x23d2cdafeb8f37464f5ad8cc2a25f5c2710556e5,delegated,0x51dd14b9a8cde3cc28db3cc7bcf9a480fee1f8f9cbf53865b5eda109130f00aa,50142185,1.069202,LI.FI diamond,1046,0.002363322561949361
38,0xdadd0a026d5aa117f7a41197a38d851ed9325a22,delegated,0xa181aa5270af294648d45799fec5c3a4ed1fc41fe7e4003e0bfcf4a4e65d737f,50142173,78.05,LI.FI diamond,83,0.000818938645807742
39,0x9c68adae98bff93e7c4f31fab49cf977713d313b,delegated,0x85c7c1168ef576686ce85e5502f18726937d4cc5164d1816c586853c21683e9c,50142167,1,LI.FI diamond,18,0.001186866218784393
40,0x9955348dab8ecc5e3ee0abda973bc2e258577c7e,plain,0xf37e68cd55f4cb11be129652bf944324fc12936ff1f4b02b5650f5686926bae8,50142167,2.7617,LI.FI diamond,33,0.000001018867563854
41,0xeec90260e0309c76fda293a2093ef2d690570219,delegated,0xf10e9ae638bcbbdfc8f0d1bf33dff790c74a3b8a15b56d2e4dcb3f021c1c5b8b,50142163,49.5,Socket gateway,7,0.003211178089619283
42,0x55ae3b6f0bb034363804b5c25ec2360e91590df3,plain,0x75569ae28f1dab8ba0e064f1aff6a771860a120c62420b8d7d71b6cfe36e1c28,50142140,51.283963,LI.FI diamond,19,0.00106968407605374
43,0xd627158727cd253cba31d86a3da31d2baa00ff07,delegated,0x5fb494a59e124a2080bbc863d04319577f4d062c6b2f07d7c315a7d6b26d1e3e,50142117,27.482317,LI.FI diamond,142,0.05679271018414593
44,0xea1825919ff711d42600c019b244d35172c11061,delegated,0xf29e01057b939eba07e984d7726bc2c84b3c3a1a5f2d8096b5887eab777599a6,50142101,2,LI.FI diamond,931,0.000513393775686557
45,0xa745b4fcc97c23432fb0a63382485d056201b4f5,delegated,0x6801ce5d3d2e965e039461ea7731805a5b5ebf06dbd5021610a375197cfe899d,50142048,0.39,LI.FI diamond,300,0.000010923668098201
46,0x98ec12455c6f66319499f765dccaab97f743d0f5,delegated,0xe1ac41fea8719e630f8bc641360153479246a55dce05e24188de7543ef54caca,50142042,995.345416,Socket gateway,158,0.000021200964474432
47,0xccd917241ae046cee7e56559dd195d35aea5946e,delegated,0x17a8160e30abb4207a8c06600eea325b30ad0dd8249474ad2071bb3a7c5a46cc,50142034,2,Uniswap universal router,2282,0.1859245916140584
48,0xf997d9cfe86f952ef18caef7649a11d1e7970a7c,plain,0xa09c9413a464efbb84f62341b47235c31ce800cf8326e8cb5dcc14864adced81,50142004,5,LI.FI diamond,2445,0.004984784624645025
49,0xaef6fe8746fcef902afe168f9b5116a430df8b06,delegated,0xa99c2607cd97b8f6ee29ecedb71addeb6de1ac32036e05bd30b31cfaf48b97c7,50142003,3.00048,LI.FI diamond,179,0.000175598310848132
50,0x0b018f24e6a0326e404a72b1b13ce3ad78bd10c8,plain,0x18f57b825a42dcd2d867e5ffa8ad350a085b13fcd9f8f45c975458d756e75651,50142001,846.028512,LI.FI diamond,23,0.000401865820339581
51,0xbaf4b7fb24977772a08da34d48be0d3047e422bf,delegated,0xd8a89b19065c26f61b00c754746405aa57ee815028629330c6b950dcc3aa0c9f,50141993,28.75,LI.FI diamond,56,0.001002583926280406
52,0x0ca7c168c1f82ea45786910436527f75a269860a,delegated,0xf038647b52d9c6f67ec1d15345871c3f0c2796f6c986ca609d3baf6d3458663b,50141982,656.958581,LI.FI diamond,257,0.000586826673271791
53,0x6629732898108f2955c78f66d202e3d6dd66bd9c,plain,0x9926c5f089d393ae9d71fe7db9ba4d7381d589e3821896f448b02043e079ad2d,50141959,2060,LI.FI diamond,11,0.003943839698554431
54,0x52f0714550911c5032b29656057850aba3f34141,plain,0x860b3aa328e6de5f495dbb349c254e3f5d2f91f749e2086dc293931ae2ff6acd,50141950,3.273586,LI.FI diamond,14,0.001751137906104932
55,0x379a4d106c6ee63b2b31b9df248bfc52abba9130,delegated,0x50baf7d21fa0b7185811fe60cd59f7fcc1192d7bdaa5bb6c1f5428fb997c1b96,50141915,900,LI.FI diamond,204,0.016173814155403404
56,0x8e3eed7d3207e186c76bbe6a29b25ff8e2d77c3b,delegated,0xb06fb7477254e2cc36a6a8d8a6503d2766d8fa111f143615d0879138ef856f06,50141909,200,LI.FI diamond,442,0.10384621762157993
57,0x57691c9136f2332ecffebbd04e87112ea1b9a413,plain,0x10f7528f24bf48e5ce718451f9b6b0684f46bc541ba2839c86d01ee8f013f90f,50141909,21.679186,LI.FI diamond,14,0.000451859673425769
58,0x5e7c4efe4f7943252515077ea9b6f45362cb54b0,delegated,0xe28118062ae654a645c840083df02d3723d1a3d9c489ef8a0a160ec5ea0d80ca,50141852,19.894463,LI.FI diamond,181,0.000596885177231224
59,0x93faa377d83ae39a9cf785f2b2b6e17a440d9976,delegated,0x0661d41e3f38a2c936f05919dd3bd45f0c6a0d57230f96796566cd70de49c0ae,50141849,40,LI.FI diamond,150,0.06586358202793598
60,0x97d522a16e79845417b4606c96f06141e858f5be,plain,0xa096211dc01002e6c3e3e625e06383b0b2707cb9bd5c8e48d6b28c872463492d,50141814,9.939167,Uniswap universal router,5,0.000012873472046727
61,0x1cb2e5b4039c7122e7e31c54cf9cf273b7ba9780,delegated,0x318c4fc795ff0d35079f2256f9d2c1f5f4e902c04ea6947d2b7cd6ba02bad0cd,50141785,9.034,LI.FI diamond,72,0.014140046606198964
62,0x0b98a8fdae5256c5728674f4f1e57ebd1f7b414a,delegated,0x94553d0835a0a882c18d185d32ab50a4052fd4c9a75512aeca9f2f3f22f283ba,50141766,90,LI.FI diamond,10820,0.011811822935190517
63,0x8e6e1b68a1be1b320025e7922d5b8e0249842cc5,plain,0x8392b9f24eab91667d6c499285df51397bd1f7cc97e16c6f0e2eadf5fbcd5377,50141744,2.389869,LI.FI diamond,11,0.12235996981616061
64,0x5643fdc9a46cd78e3b048fbdb25ac454b66262c4,delegated,0x0f2f45b1e425fcc8863ec309d2be70a520d333289182327fbe58c760c2c4232b,50141736,150000,Socket gateway,133,0.013894498963512225
65,0x23f0d08797a87e63f55637b02ef25361290d52e4,delegated,0xa40ef57d7fecf27a71a17e3e39a2a104b7ff698d6c782b9f3f5ec966716a41c5,50141661,11.42,LI.FI diamond,8997,0.011932121565644972
66,0x8e6ac1cd00dbda08ba76103a36fa54d89595d9ea,delegated,0x94b46c4ea6f681e379ca0f07cde91de17fbcefc6c186197c9507f37ff0b5bd0b,50141629,4.379,LI.FI diamond,62,0.002409250192027422
67,0x60c7123561e96c1c8bffa4453bda5057a601fc42,delegated,0x8f4da7b6d9e232251953dea3ac76c868a5f057816bffe451b6da425c3b81dbbf,50141551,163.912502,LI.FI diamond,1298,0.010282755150891616
68,0xd603e06728bf321009592f4d423bda82ccca3f5b,plain,0x6e3beab71868f9ac4268f1b4f88980ad332205032ddc86772e6de7530245fef5,50141467,80,LI.FI diamond,145,0.000333374266718266
69,0x849c4b9db885d20faed1a2ab7d1f9d77c612b943,plain,0x2d83c5b2fd43a83793014f236cc2f0c3add753df571077915ae9f797f258e448,50141435,50.487832,LI.FI diamond,5593,0.000003293644981059
70,0xd9f76930d7df99aef4dc4cff48ee236d4583c28a,plain,0x8b9ab1d4e4c52bf91ab04dedbb7c1cf9f6ab129a49519650926425b85b4b22f0,50141397,689.032453,LI.FI diamond,8420,0.01127992202018694
71,0xd2a9bae5bdcbe791ddea1c7e23f20040fc547dfe,plain,0x89da860fc8991be47d27ec76b26963a75ef5e2181d5bf6c88b5789f1626b36f8,50141326,20,LI.FI diamond,3121,0.02237275123288876
72,0xb071a03afd3aa613271bcb39749eca3e6e456efc,delegated,0xc3ae5dbaa7fd92906abd13b6a8ed95302479300b31f218731684576cf4c222f9,50141323,102,LI.FI diamond,42,0.004459757764911597
73,0x8995c3bee9655f41dee4f34f9508a56589252f67,delegated,0x0cbeb82e4f0fba2c812dbe6ddf65b1c1204ca04f72e086c9ff949ee44f4c5fe0,50141285,10,LI.FI diamond,10954,0.000654425577827589
74,0x7b0664ea37d03f00eab4a2aa980f1bbf126b9b54,delegated,0xa105f7c654f8ad7be80d82b08459965442a24917001a1fe0896c88e35091c206,50141259,20,LI.FI diamond,1784,0.000119282171932599
75,0x98f39d702812bbf331be8b1231dbb1747daaf1e9,delegated,0xce24f4c0e25e5437286ae4956a85cd460913f56b851c71b1ebbf2abfe766457f,50141222,100,LI.FI diamond,14,0.005295230365327235
76,0xa3d2b84e8a67648f10fd281e5070cca913b577ca,delegated,0x5db0f04b3c8df26ce5c228c4e1e93910a355ffeb7ef414b406b48e2dd2f5f0c0,50141217,45,LI.FI diamond,11,0.001101739318620741
77,0x376655d4008642d55be446cedeef2a4e5f496bc4,delegated,0xfeb59e8b36476ebb8004089ac2a9698661672135b9a4d5dd801f0275d19bba67,50141143,167.590489,LI.FI diamond,141,0.000103149631748857
78,0x188927e33ad27eb57da555fe99f708c98b142ee2,delegated,0xb368683798cfc086d52bcf147ffd1ac4935816a9df26ad27719ae4afd0ea3671,50141139,0.206337,LI.FI diamond,348,0.005823115323574845
79,0x876c56e9edaaa44af9bc9678784d15ad76393e97,delegated,0x1e406cb640e571c18b2d92aaf5496f541f11d930661c09a0f332047c196bec7b,50141138,27,LI.FI diamond,1518,0.005450399506055984
80,0xd7be40db5a6b9d95c2bf616c05b258f13089b0e4,plain,0xcc9f64e0b78117a5bdb942c6f0b1511c3ea5379d28d5d4e68d27d6dbb01c2ba6,50141136,19.7522,LI.FI diamond,217,0.000298054941858021
81,0xeadb3f882b7dfff677bfca9384fa86ae4c31652f,plain,0x575c21319dec2ad1e5c3afad5de4109a83f48d41552cb3be45bcf6296493e19c,50141116,10,Uniswap universal router,1048,0.000519646627368277
82,0x7e5fb4b5f68a651efb482daf3ec67455082a8bf6,plain,0x99f9c9e2fb02a66ce6e2c79332f8de98644ad66a031f185d7ef3a931d25298b6,50141065,275,LI.FI diamond,521,0.00229310501674569
83,0xdd22b6b1e053b08839b06f20199b45312d2ec966,plain,0xd7db8d5d0d73372ea36688eb7852bb154876c5e7799419ca4f224bb03dfd2689,50141064,25,LI.FI diamond,1334,0.29532949664973174
84,0x630938990464adf09bfd6b89ee058b41ef5e0ad8,delegated,0xdab50eeafad6e25acd0df54c94d06e12aacfb369162f5ea1779a15dd76af934f,50141062,0.1,LI.FI diamond,10,0.000108427892760088
85,0xf881c1fb83f11e786e2a7cd9a2ee26b2972432be,delegated,0x3788bbfb88006f0ac6366e4f0e379f6a334b2f81aff8020450c2ff731c4d4cd1,50141023,2.176815,LI.FI diamond,1118,0.00238223829305942
86,0x3b4bb42cf4766b2129cd5ed588c26ffbd843c232,delegated,0x5f1e3881e17ad5c362f119fa8ea3405f43892693c5a8a239599f9130864de756,50140985,100,LI.FI diamond,60,0.000364126827955447
87,0x1b068af39383410b14df77026845b15cfbcaa335,plain,0x41cb0f61ac38d003c79773ed080b0e326811853f7028615bd6ed4619f7f11dd9,50140977,0.95,LI.FI diamond,12,0.000135018892282179
88,0x3be2e522d5ba4598e81b5932def272eb2c65c822,delegated,0x3dfc438cf32e6accf0c0444a49edb832a5af25efa3457755cc76616bb400d06d,50140959,389,LI.FI diamond,10,0.001041222723154863
89,0x91b140bebebdccca7baeea01566a986673378179,plain,0x60bf017f7ba4904e622e54f920e2c2b9fcfe378bf65c439c8b9a89f930da7c6b,50140910,1.539881,Uniswap universal router,9,0.000277223937254382
90,0x8fe38b74da3efe0f5f3d0e23449151b4bcefcbeb,delegated,0x8e9bd4fc8cf8bd4f0b3e38a36ea565a1de100bc79b5e055fc34f489f6c2e6f84,50140906,11.660034,LI.FI diamond,1310,0.012172129656418187
91,0x71aad1110dfd8f60249cd45ce4fb05163b6f812b,delegated,0x9f8591fb95b35712e55ff8991044bd14ef707d0571627010885bca23457e35a4,50140852,79.415359,LI.FI diamond,3358,0.3198253583576693
92,0x44405846b414a76be75b50023af6870da455c3e5,plain,0x582552ae0cc5eab80bbb567992ed7c074370ad989615aa061d4b7813a81fdcbb,50140845,50.89415,LI.FI diamond,10,0.000294405904800179
93,0x772e324fd30229fb89d247ac7625a6c97a08350d,plain,0x0ea9592fd56ab9653ba73512bc3d388735c8f357a471bd2506c1e43e9dcf29c4,50140763,499.674351,LI.FI diamond,7,1.0452312148107674
94,0x8541c9e6eb833af3a587b658a32e560da6f9d35a,delegated,0x22f081c99a503e19f4f378dbb795b1c32b61138c3640812553c7ca55780c80f6,50140701,55,LI.FI diamond,104,0.004227292617732211
95,0x3d80ab15039ab67042d5deaec31202b7f79a275a,delegated,0xb433c9a8068f2af2875f93b708f8916fc2467d86169e89e9e2f940c397ebaafd,50140662,240,LI.FI diamond,285,0.000070735691441354
96,0xf45f3c4ebe9df47e324cde0f2236a71aff7bc12c,delegated,0x486533f7f4fbbb4f266368552aa2f5363f96b5619a7e5f9216021ebbd3240438,50140657,50,LI.FI diamond,48,0.003146897870711408
97,0xe1f0d5b4b315a8e9b4723b98b75419b82b1e6ed0,delegated,0x3cd64e93e0bf867ca52621cf52744def70bf8180771e43fcd23c266449c6fd7b,50140649,10,LI.FI diamond,652,0.006384579115177651
98,0x3933b84e67d6589b23efdcedebac2c60a1785de7,delegated,0xc10016d40639430b6f6e00f1bebf09c82045e4887b64b2e43186a2c932a28669,50140611,500,LI.FI diamond,378,0.01607156418686602
99,0x4e3b692490df762dcc9046a6ce0b38394a594c0a,plain,0x842ac16ba77dbc90f773087355286c930664a57a8ba6035211a99cfbc250d1e7,50140580,38.815962,LI.FI diamond,684,0.002387954482880917
100,0xa3ed878b8eb8a4d8117552449412f677e37ba2cb,plain,0xdb286ddef17fc14bc11385d65390cf17c28d422c5081c9cec6c0f77e412f4dc2,50140531,1.2,LI.FI diamond,17,0.000425759186921009
101,0xa60419d45c073788a1305fe0b1c90e25c02fa79b,plain,0x41f1a5f60836bc3612e4a573168a7e377aa7ae7d0264026d97c71b26967d9f15,50140496,1.977493,LI.FI diamond,5,0.000025916895130149
102,0xd9ad008d5869a08f04477c66355872365e4b23a0,plain,0xe5f0b36e53ecf28fd59f6aba18d4762df7f5254f407b547ba2242dfd7276c175,50140493,2,Uniswap universal router,66,0.02740922213223298
103,0x1ee5518ce4c485ac9b338c7becc056e428ffaf4f,delegated,0x879e902cdb4fedf279c6ea0ed9000e7b7ecc8ae32edfce363944837dc8794e0c,50140488,65,LI.FI diamond,15,0.002571248219715034
104,0x841e1fadc3cbba190eeb5e957ff572c870a9a412,delegated,0x8e4c0fe24c34f20c3eb0dc8c0266e1287562811ae84153094ca77d94ea16f534,50140460,40,LI.FI diamond,1299,2.057622230097854
105,0xc1e074180fc4f5a073ca9fd285a38ec1bb758bf8,delegated,0xc68c4b3b294d16815672d8f03c0c2dcaeb6a2176e1814ed176e556d3659f608f,50140455,145,LI.FI diamond,2684,0.001876791090919906
106,0x996813267b320d3cad6cb39eb6c4b992fef92cf8,delegated,0x26820dcfb53a4e48efe10fab7782fcf3450e568fed07ba16f38cca26cdd463fd,50140424,89.205474,LI.FI diamond,82,0.000343913114564065
107,0xcb0f8a0d37bf2fa07715d45f2d5c6af2a4ea6fa4,plain,0xb3962f0dc52341fd4e21db45abcc0217ee4ae08551ba6c6eed30a0702aeefdb5,50140417,2,Uniswap universal router,315,0.001018265763954556
108,0x3c6fc21da1159209b27f2658e6207ec7d8bd4f7d,plain,0x77d12a4117b09eac8778fc3a0a87cdfea284bcd049a5e2c975e257db83c37d40,50140374,48.701925,LI.FI diamond,107,0.02613452095401872
109,0xd60300feafd616a551531618e59840c0e71fb347,plain,0x0248ab21495f299d2bb321146dc3380ad9b1bd89d89f774e98747c4bd496186d,50140370,218.413731,LI.FI diamond,10,0.00001169820158332
110,0x3ed9642b238ff10c867c7e5bf88b14165fbf26f2,delegated,0xa1fc70b9d0e921444d090b21db862d597752903d27a0017fc6ecfaa5932f4c3e,50140369,28.959707,LI.FI diamond,447,0.001383607404660653
111,0x019436ed8313116343ceaaf26cf0e990b349d50b,delegated,0xc590fbac6f10455ec6529a5b279de33589b3193160838cdb901d7e9501030ecc,50140353,200,LI.FI diamond,6,6.7956495508e-8
112,0x4787710ed3565b403e7084a7fe443f8ef32cfb34,delegated,0xe149327f19574f3980e850a350a0baacbe2c538213f22b2a609a24913b987f63,50140343,195.12,LI.FI diamond,12,0.005448868872991714
113,0x01011a90648ae83cae081bbaca9c362272faacd3,delegated,0x68c9e7f3177e0dd8adcdac4c28dd0c1de9a380098898eff48434224b43e7c7f1,50140318,0.15,LI.FI diamond,97,0.00094372530257231
114,0x0464dad8e6bb2a4a7b118fa4bebec7023d91c8c0,delegated,0xb639cce8bfc9bee13aa867469345fd675226997b1d6d270999c7dcfaa221fedb,50140301,7.5,LI.FI diamond,67,0.012394749252815331
115,0x85d0857ea50ea97e813e80bca03c5226d7b7add0,delegated,0xa643b3541867b0fcbac1e71e52a4c8785208a8970ea4091f1635986beba6fd92,50140288,52.481225,LI.FI diamond,44,0.0323150026561774
116,0xad279b48dcdc68c5d7c10228913d442813f141ba,delegated,0xa804e69b36fd75205ebc318cf41783432aeff40ca0265bbf2dc65928902171d7,50140250,193,LI.FI diamond,180,0.000513059371027515
117,0xf5ad66ff5a943ce0b08f3682b78b288172379534,delegated,0x53c4ff8162660e21f7ab44c33e683a03300bee0cf0a1b8ce7b5ef31d0d7c3f6c,50140231,36.522578,LI.FI diamond,1087,0.000600046365273159
118,0x0fcab64c9d863d07aa96607dffe3e655ab8e1daa,delegated,0x6d9b488fbf8811f05fa90158a390cd287b3b249b8538a23f14c16375ec2ff25f,50140208,1284.343289,LI.FI diamond,5,0.002693374623491208
119,0xe31959882e951c2895c0fd0f1d28215ca917aa8a,delegated,0x67d61bb4b349c517ed9fd4eb4275f89acdab8e1ce08be534f24d48d32766ff7d,50140195,551.169447,LI.FI diamond,2701,0.000593189243074324
120,0xa8a26709c93c90f343b95b018619eb73cbf84ece,delegated,0x2f46376b03e917387a9e0ba1235613106ea69d07aca35c753d592e7df52aa7f6,50140164,4.53,LI.FI diamond,64,0.002529318809469817
121,0x21cd7e4fb523f7411fbeaff99518af776c560895,delegated,0xc952323c9433b88413d945aded2ac65c1e54c5a6ddd5143841f92f27bc9be94f,50140157,26.640899,LI.FI diamond,293,0.000588324137583324
122,0xc80b5b90dcc65707a18102318fb2ecd8691f84d3,plain,0xae7b0934363d2e5215a9b633633727f86dc7a403aaaf8c16a8d3f2dbb65d1034,50140140,26.354566,LI.FI diamond,1944,0.000193003372938049
123,0x8561f21998ad77f9c7cecce0f86afe78cb245a7b,delegated,0x540595748e6291374597eb2ffd1499baa48188a877d677e63689a6aaba5b89dc,50140085,530,LI.FI diamond,120,0.012916940510675923
124,0x0a64234ebea2cd29385c4150b019b5f44b90485b,delegated,0x8d4fa1691ecadd48b8e5703fac3b44a81ec611e5ee86f904349917422da9196d,50140082,9.011045,LI.FI diamond,852,0.006245356665424825
125,0xa1ccca0ee4fa4da94aae7f876b55a525ca5f9a6c,delegated,0xec9b32a2e8e9a6484601fcf351aab043840af58f44c8723d1ad391b496728fcd,50140076,8,LI.FI diamond,1089,0.005805805978298526
126,0xaafc769f6fcd4f24a4d0ebd075303f3060e281a5,delegated,0x1212e05f5e4da4a4c4dd8ae2f92ffdc3b42a65ae5e82697ea7904398ac7a980b,50139971,9.84,LI.FI diamond,92,0.006413228409156121
127,0xfe85fce1a21178db20ca9634541e876a69360240,delegated,0x1c90c5b8cf7e3d64c288a02f8ec6c7428a227212b337de9bde3ab20113640ca2,50139880,107.98448,LI.FI diamond,524,0.000673626416797984
128,0xaed8dc59219f65d496f376eec9efdb864fe31f7f,delegated,0x937cefe5ff294e46c8d73bcae0db1e0cd9872827b0bd4ca4b67fb201574d86c2,50139878,507.81,LI.FI diamond,73,0.002773035934806947
129,0x3977318f07f3c7136395397d97b710d0241a2a2e,plain,0x2b53b5d2bf41a60d15a7352ada342b54e8d8d9cfc8a8ec24640e5dafad30d341,50139875,500,LI.FI diamond,3122,0.001466972580287248
130,0xc4b4a7a153ab665b3b2ba5bd5a4c6c34b71e5ee6,plain,0x84f14b9e1741aeffea7cf556a2d7a18c316fb771ba2ac0ee870b6157275f92cd,50139865,18.734872,Socket gateway,704,0.000053450139236378
131,0x3d5a744471810b3478bbe7701e7711d740059b8d,delegated,0xc5e1bcb0e4907325fe82191df328670f084835b2cc883d620deb53a4cb0840d9,50139839,0.2,LI.FI diamond,1216,0.3020441653992803
132,0xdeccaaa0eae16ff13940fc1b59bb954a0e43e9da,delegated,0xeaf5e14918f7d718e569980cbe1e96f443660a2bfd8ecc3d6531a3ce9959cefa,50139838,6.706876,LI.FI diamond,11,0.009257675233119388
133,0x867b9b9b294b38baf618ce5dcddede4f6bed5153,delegated,0x563b668403f31f36eb757b82275942706535177d66cadc1c47dffbf344823c57,50139804,23.045744,LI.FI diamond,48,0.000599073164142495
134,0x592ba61378da41f99a7f9d3e268d377459b6a5cb,delegated,0x59073bebea1c97da844df3be9a761f73cf5b6e632d66f25a7fd6937e6c5c5ec3,50139760,0.197763,LI.FI diamond,1213,0.000193676544981034
135,0xadc358c47953da497e01bdf39b29f473c48861cd,delegated,0x3d4f2fdef82c315757b23f77340905f59647aefdda24705ebb6e8581ea29d40f,50139694,100,LI.FI diamond,912,0.02390677996676637
136,0x99e94c3e1db70747882a9201721df3d9cb224822,delegated,0x34a6da1c0577046b7bc3f8d5d2098cce97929226466d11d4d02659c79aa2978d,50139694,298,LI.FI diamond,164,0.000182889327456714
137,0xb1658bd148f54c1e59d85f7fda511b558533b0ca,delegated,0xd24bb91578932586c3c9f08d828ec5055b326074d9512e660f7c2fa2694375e6,50139642,5.75,LI.FI diamond,11906,0.03390610207354207
138,0x4eeaff55fe2423708a0a9a9ae2c727d116310c88,delegated,0xb514b2ea1f72f0eae76793d87e49dd854f614c3eb6f4d3f1afdc6808ef7824ff,50139577,95,LI.FI diamond,12,0.000001985616076739
139,0x69ddbec69bea90d144ce302e9c9d84a7ab40d5b8,delegated,0x904f1e3fc3f64fb8b43090f31e2920412287b0f82a8b498612a8a4bbfc1c87bd,50139574,1.263171,LI.FI diamond,1922,0.01098001624363642
140,0x873f7e5014a117df6e6741dfd0a9ece6eced0349,delegated,0xf1fdf0d0b3869c5c5200538c1d226a7deead92caf7d975bd7432d2aee02e8386,50139561,15,LI.FI diamond,297,0.001910728577299732
141,0x2e38b8b11a4dcb497f025cbc46f98121c5904df2,plain,0x5cd80667c2c2713050da1e8a0de93f6d53f05cf9c217dd5956225e784a055cdf,50139557,38.116304,LI.FI diamond,128,0.0233629882617524
142,0x3dc6ed695b1866aef35394b43410743ffd637007,delegated,0xa987eb924e0cb16881536237c1c096837bbff154d50954d861e25db1f65d9479,50139514,34,LI.FI diamond,71,0.003248312369161467
143,0x637c3d247ad9b3d61d067dd99b571d96230eeb50,delegated,0xa5a876ba03ecfc444b8b0bc174d522f9024ab878973ffc8e9a0878fb694383b6,50139512,331.638282,LI.FI diamond,6,0.000391225505560907
144,0xb2bbcb4588ce00ac053079433fa288712399e565,delegated,0xf53c7d4844c85f60ad788fbf4def1387a58c1e75954520a86ff9feb7290dc03e,50139485,6.514294,LI.FI diamond,5,0.008822162758798402
145,0x23894992e78dcef87ad5a6610924d14bb98f6c70,delegated,0x76d54ac3f7884b5315b321da27ff4d4755b7db42f7d638ec9fb1f97156685b6c,50139400,0.114277,LI.FI diamond,750,0.006225435251657307
146,0x102baf4e2bfc91ad59813fce00b4fda8f75e146d,delegated,0xeda74230c6cccf51b4301455ee9a2a92060cd0e043114e346792c9e95140a39f,50139399,1.883495,LI.FI diamond,1711,0.008850115899630797
147,0xd85a810c164272d0e605d3c9910b60f65eefcd30,delegated,0x24fd4f7926e72a3a9c8613d76c35cfced96f93d02d7dfab6614ee7cfd9d1a20b,50139376,2.1,LI.FI diamond,5660,0.000042743691369287
148,0x0c2383279640620d05676e63c725e09770a4b29e,delegated,0xea22f200492f5f298e149709caf419f23f5e2b95cf789928c0df8f276d2895f1,50139370,1.589746,LI.FI diamond,114,0.05424795844050868
149,0x0bac7cf080994a85456466f7bf88729ceeb1c97f,plain,0xed8be78f4380d571dbbdb6755d11556238aacb511d2e5572f495e15a70528d2d,50139369,54.285087,LI.FI diamond,58,0.002968576193541723
150,0xcf9fa6aaaaf2137618512b178d6a4699b9659143,plain,0x982e382823a2763361f85d1dd2a563614ec17d21989693891030685cc2bddaa1,50139365,2,LI.FI diamond,906,0.000106620774894859
151,0x6dfdd2a1536e1d2ce0173e9c1db5a65ac32a5be1,delegated,0x173238ec8d19a00c411fc45ede011bcce4f650d6f50187c3e64c555c895f7419,50139361,201,LI.FI diamond,1431,7.87083159398e-7
152,0x12e1b8069f2e77d2285a94dc18600f3000d08fe3,plain,0x979551a414499b12a60818dbcae51bd67423680c27f240872b8f71d8e04afb84,50139355,149.996749,LI.FI diamond,124,0.000002227871808228
153,0xc9a62ebaebc74addedb0e03ca353d4dcc40e9abb,plain,0x8891fd9c3a6b689ec0e9e1353ac4a01dd634bd70845017e8ff0dd716ff9058c7,50139329,222,LI.FI diamond,92,0.000592883620659974
154,0xbcc63f11cb0e5d08933f6a70be1f3350fb8b3bf0,delegated,0xf36814c6bd74c363bde7a7f1a54cfa9b6bcdd296a7dc48e84141b2fde9410221,50139329,60,LI.FI diamond,85,0.000010467924502015
155,0xb95bf23a89560835776339f9375d04fe4b191e00,delegated,0x09713b4c741b0c663173213409346f745ec02c362aa2691d3ee8b5bc438198fe,50139318,5,LI.FI diamond,224,0.022590481438332782
156,0x62e6a9a0804868932bc592a2ecfeb5ef6143d5d1,delegated,0xa4aaa76e20785cbb2e2163383a705bc842637bac9647d86540f1df83e51d27ea,50139302,10,LI.FI diamond,1188,0.01111845797106269
157,0xef2878ad80d673dec28133201eca444bed4eacda,delegated,0xf7d869af8cd020db89758ae1145b0dc264f4191a453f3057e0d2245b91d3f95a,50139248,45.74,LI.FI diamond,131,0.016338243281574835
158,0x9820b85924bdee23d9cec838e3fe538647384d32,delegated,0x9d00aa2b5651ac7cf2a1beba1b86fb89da3573d5415db3f0d22d52c3a6cc9866,50139236,270,LI.FI diamond,181,0.000033630952170075
159,0xe7dfcf8097811abe89877893c54fa11ae444353a,delegated,0x2d601a2967e405b1e5db9f5eaa1b1b61a2062489e420b7b3edf7a890cd5f5e9b,50139229,10,LI.FI diamond,1154,0.006675137819343373
160,0x49bdd7691cf9eb9e552a0255ffbf5eae34f4d158,plain,0x2c8fcf2de027d7aa8d6bf287b8a75f9ecb4d740375177a3f208220823c6ba0bc,50139217,1,LI.FI diamond,44,0.000068082869481539
161,0x63a8632eb8abc195345112ae9395a06ab8de5deb,delegated,0x09dc2fc2b0be29a6e2a6b1539d7b8e764ffcc2487dc6941589e43dd6cdc5788a,50139188,0.413677,LI.FI diamond,15,0.000001649109539993
162,0x853b68307b8f6a7d36351d39746c7148a9ab5e2b,delegated,0x08e90bb92649b970bd6b7d7edc5798482b868d12f8941d9da86253b85c63cc0a,50139187,592.509662,LI.FI diamond,35,0.000029852858984127
163,0x95e2caf86b6f3ee4989cb2c151ee280d81aa9770,delegated,0x798f343dfda11274904dd23cebb4aa6a644582afbe10b5372d7cd8f25af7ff28,50139171,9,LI.FI diamond,5,0.005204573801428069
164,0xb5ffd5da3cab53c118a2115933689f42f0ccf8c7,delegated,0x0a8d25d3e90ec8834ec7fb4843316f79096d35420d5450d9610cf2bcf72e2203,50139166,150,LI.FI diamond,220,0.000637301306363825
165,0x2e3954966f2019e65912efd5303b5de41b869119,plain,0x767804de033190796cf49c91338543fc450e39f42fb7d83b2e82b92b3de27ad4,50139160,1000,LI.FI diamond,2701,0.002155176022420694
166,0x24dd958f22afe8595efa99cae37fc25e470247e8,delegated,0x2698da98aa228c787fddc4636a7e47f6b10341f5bd741c741ca19bc66c298ef4,50139144,4.899402,LI.FI diamond,51,0.003325787475629416
167,0xfe7089f40965146508c8c8592c7f193b23ca1f1d,delegated,0x8ab33062f2e0896ec366e1661b6fdcecac732194e1b719e8ba6d6327f5aec300,50139134,128.464058,LI.FI diamond,691,0.004609799246080364
168,0x2e63fd628958cd277beeeb0cff45622e4df24c1f,delegated,0x440b5e04fd4e818bfd915c6e8d33d83327f671618c989d983558b359e8461ff5,50139119,0.000162,LI.FI diamond,2682,0.001201181920645203
169,0xba93b8c35ea058b7b7b58cbc3b39d43540597053,delegated,0x696cf520c69c9941967fcb2699a90ef3c606457d715aa1d786119e1b843789f1,50139097,1.157808,LI.FI diamond,3845,0.000773213815789002
170,0x256d3353c52828e675d83d0259dcbe720f4af7ae,plain,0xc40b7e3279effd55ccf85d8e1176e777ddc944b5e876a32a828775879d16a2b7,50138959,38.025,LI.FI diamond,82,0.003114542206117356
171,0x2e30ade5f15a8a1df1fce2e613882f8253f2b468,plain,0xcf360be3b74d506364d05222c2b7bad7287b2bdfcaf060791c21254cb8dbc135,50138934,500,LI.FI diamond,72,0.011504128506154006
172,0x91e2b058f1a730dbbefb2f12a727223143e86e0d,plain,0xdcc3c981b655c5746490221b6d5ed62dd2e52c90d2c19c332be411f9dd30e135,50138934,67.5,LI.FI diamond,7,0.000020018339533171
173,0x5b56b8f8d263b0ab2edcdb273e98cbab9cb507bb,delegated,0x5f883a754322acd2f55fa77826931d0e52a7df5c31e45a8cd7fd64bda54d0d5c,50138891,12,LI.FI diamond,478,0.004851585052963148
174,0x013cd9186f5b93472b586bd68a2d3e358ba25032,delegated,0xa226c37dcfa49c5c97630c769e89e9c808f09f4f0b4b2bda5a74c8d752e48619,50138886,0.013986,LI.FI diamond,5,0.000014904792089705
175,0x41a1e704feadffef1ead9799daa5a87f1ec9b686,plain,0x151cece469468b07576cf10e80f81c09d7c169a80794776217974937b69323eb,50138871,6,LI.FI diamond,2113,0.000983958531274779
176,0x4739add580fc54c5bf1c1c197e28793f05fb6e63,delegated,0xe575fea8f0425903bcc636fca3546265afd8e6b205748594e61edfc8da3aa3f8,50138865,498.883807,LI.FI diamond,677,0.03377477991919016
177,0x80f50e0e15354b7485f70bfd195a5d9d2b18a2c6,plain,0x097e05b32b87f2f113b7809bcc01c8593eadc2b6c7f6c9e1ae9f9d3a9ac18622,50138859,20,LI.FI diamond,1655,0.001090325937180352
178,0x3e2ea408985404448a622e95562e7cd97ebc2f83,plain,0x0a19a2a21d41d88401a4a8dc709f9e55da2a5ee6640374cd6528ef9505b7d784,50138776,108.65,LI.FI diamond,1382,0.03227210568223475
179,0x55064a069e2e16ef7e86c594e74a2d3740a8fd95,delegated,0xc821032efeefee0e0cf623bf53748d7d724f11e641aa4dff42234d24e55ce2d6,50138770,0.246124,LI.FI diamond,158,0.001607648289392105
180,0x0d969952b21c8b186a3279f1d0f1f451ead9020f,delegated,0xf50f1bfc9e62dd8f0a8bbdb69c7228cb606618a1826da83ea7016c5d3bf38198,50138761,0.000011,LI.FI diamond,122,0.000004363133299417
181,0xd8c6961375290725cfd7fe8c57abb302b9590328,delegated,0xcc695c258bcb7002ca8ae6618b042c09826513eca217401cec18df2339f20314,50138728,2.7,LI.FI diamond,12,0.000003802874213518
182,0x00be9049af879c2e93d1437e85053db8ae9c005e,delegated,0x1989c5cb12585d8638a625ff47b4de66f580fdc3bbed24a689ee5b82c391fa5a,50138718,0.00695,LI.FI diamond,720,0.000030347053774854
183,0x04c8d897be7e463e48bcd06ba90e3ba108d098f6,delegated,0xf1df472a93891038632c0e4e7f722a072c2fb7ddc39936ccecad574f1be1d7f1,50138709,15,LI.FI diamond,1476,0.004579943033228677
184,0x73f0859f844f042cd699f35bb5fe13a120f95c0f,delegated,0x46d5e4632e22c426b295a1a8ee09f05b3da9527356bf05790d0113e429fb21e1,50138691,1073.172051,LI.FI diamond,8722,0.001586016956370672
185,0xdc108880a31eea7cfa4daacc9085a1c986490d56,delegated,0x4010400726b0dbd9b03b2159523612c54255c387d3b511ecacd852393f3e999b,50138682,49.858874,LI.FI diamond,938,0.006161731454186366
186,0x315cdec01ebdbc83b367316f788bc2bc609af86f,delegated,0xd21bc7ff4b1da2798523417b7cba057559ffcbd98fe7f711e51c59b3aca9a6dd,50138652,0.1,LI.FI diamond,271,0.00289092589668302
187,0x74df1460b967396a1c5a29aec230df2e50eb4d3d,delegated,0x792e7aaed7251a12e5a8b2dc83c451a5ef0f7c360ed759750d6b735e5a3b0b88,50138629,0.013991,LI.FI diamond,5,0.000015059989315825
188,0x784583afda2257317c593e41d13dd4d7d867c6b0,delegated,0x948ab62e4153dc0c419f4a00c483c5bab87f2376803802196b0b66558d7eb0d1,50138629,8.25,LI.FI diamond,69,0.013493145498945628
189,0x6961df37f4b4dc8380c851036e27de015e5f09b6,delegated,0x736f40b663fd8b69fdba556d3c69f87f9eb1966c9f21d080f0b289283a910e27,50138628,0.014551,LI.FI diamond,5,0.000015100792155054
190,0xdedc8baed411c0c8a590cfadbeb745ddc03717a5,delegated,0xb9f17c8ea7efd9a2f0a744fd75445c53fcb2c73b4a4396b16c1dd2fba833acc0,50138618,6.575919,LI.FI diamond,1143,0.000622178046988344
191,0xbbbc7c9c63443b35d7fe117bf67c0928ab267958,delegated,0x1867965c1b667b9c21e0a109a92f3cc8c6a1f4230ba542750b4937000045268d,50138612,20.325203,LI.FI diamond,31,0.0005073294766365
192,0x276315a01119d13272a8dd837c345f60407f76e3,plain,0x77ed5d792ccbf66c48ec2adde872c771866ba228f0a81f76ffa2d9fd64a1e82b,50138591,5,LI.FI diamond,41,0.000875348245087837
193,0x5965f6377cc3af47827145e40dd3d2151bb03cb9,plain,0xf8c7be366d196c800a925771071b65c7ecf0fd93130860076e59bc8fd6b8bfbc,50138567,6.736628,Uniswap universal router,88,0.000355784487935701
194,0xe18e9287b583870c2af8e93471318235deebbbc9,plain,0xbd455d508d292e10f083baa2e89b3a8f50e5f5707c83f84bb62383eb5ffaf48f,50138513,130,LI.FI diamond,7406,0.000817439248570763
195,0x67085d71ac875557bdcb56c6ffa07a1e01324c69,delegated,0x87839f9ce04bd05fdb09ce9c55187fe29bd04c81f52e1d82065bc1ebaa00f663,50138436,0.660299,LI.FI diamond,506,0.011498399052634702
196,0x3de5202320da53b5e916c83202810d9294d00e26,delegated,0x39b80bb8471c51ea1e50eb3d42da4f5fc57d4b90ee716b23756d1a4e2267e8c7,50138412,5.1,LI.FI diamond,2664,0.000501688447108177
197,0x967c29851c09900624bf49bfe04d17ae518eaa2e,delegated,0xa05e81f9c3771aa4f80fa8d1ee52dfc71133421c94bcd05f57ae42c6e8a4f15c,50138406,5,LI.FI diamond,209,0.000486229178780202
198,0x9d96896b4a0c33e70d0f67d43483dc6642e46a33,delegated,0x7e42e913fb717ef74d133a4646c178cb931e4fceddeda8a4b94fdfed4e97ced8,50138385,72.009664,LI.FI diamond,262,0.004905199514735594
199,0xcabfe6863070b0ded671e3149d7632db60712a8a,delegated,0xd34bca399be550f6d910b174d41a1521aeb8c3c3bfd77e5b26dce27cbee8f8ad,50138376,270.988267,LI.FI diamond,1446,0.14056927731316357
200,0x194aae141c236bc87de5a5d582329b9b5eb80372,plain,0xf7cbbc619d840c491932c5807296e3f6b4549c1940fec99a91887187465a6dec,50138348,24.75,Uniswap universal router,1441,0.002465493793988162
201,0x322802f35688d3b73668e3e53dac5a339615e9ee,plain,0xa0e8e619ae86f94381da66d437ccb6cd46b397a8ea5cf636d03ede9560163c5d,50138338,0.3,LI.FI diamond,125,0.00002115195757761
202,0x2a445786df76bc0058e5d662ca187785ca497119,delegated,0xc7e6b51ff28d60c1159e028901eeda5b5fccad064f6fb6a7ea0203b3bb6411fb,50138333,0.014547,LI.FI diamond,6,0.000014970251798689
203,0xf8033a1766843958636acdf6b97ec8358b64d3af,delegated,0x84d626ae7a1a7ff990cb4520aadc04b883fc0eedacf6acdfd0aa275bc5553903,50138333,0.014547,LI.FI diamond,6,0.000014950760826979
204,0xed720906082383a84b088ea93f0585b28035b4c2,delegated,0x7571ec426b1cb66f7383e92dee3ec6354c11b84616700aa8f23e06a35c028847,50138333,0.013988,LI.FI diamond,6,0.000015509225179597
205,0x6e39579ee8af764f4a4dbfed803b68ceb6e21a4c,plain,0x18b45a9c72bcbd9c8b1662e74dd172d24119d18ab120b8837158a57c00f461bb,50138325,1.05,LI.FI diamond,186,0.000338862278895831
206,0x69503ef38fa1cd11ff00e08c82fd6b38b933e33d,plain,0x2b2c798dbfbefca1983a8bb42e7aa35edd106cef9bda7b3e6f71d1303056c490,50138301,565,LI.FI diamond,362,0.001156003337832107
207,0x63c43c3fb852739f55095656ad329b41a2d99a75,delegated,0x792a462482aa045741d437f23d819c5904e3207c9a7c5b068f5ed07f31a6d0e1,50138274,21,LI.FI diamond,3863,0.13124801382121426
208,0x020f734228821b0710f57ac690ac7f733bde702c,delegated,0x18666eb81e65e8bbe0bac952f07577df3c2ceb42bed51e1a8b4dd4124127bb11,50138267,0.208352,Uniswap universal router,36,0.000123023438786391
209,0x3f69557a41612032f31d5f5abd5d5cd6d17c7b41,delegated,0xdc7f258db51cc51bd667e00432e01e5cb008369d4e253bdef54fb3585399deab,50138243,21,LI.FI diamond,3610,0.11681639292669206
210,0x6398133ef9d5842438fad985f8a81490e2a959de,plain,0x7b7916734f278e9e2eb3e461243dbe5453352fdb9a3f5a969184de185abf7a7d,50138219,0.253103,LI.FI diamond,14,0.00071615121649216
211,0xd99bf391c25a80f7a571f5d8ad557dbea011f200,delegated,0x95cae0f4970b2ac4550bb07142629f43f1e80d9f45d376c5d6c797f835328740,50138215,21,LI.FI diamond,3541,0.12471073118229313
212,0x3e9a8d8e9ca47e3b4e6d698a198ce5421ad0f60e,delegated,0xb24a3d86ebd2f27bdc41193b3293b5262a612da2195388d9b229fbf70dc7ffbc,50138198,21,LI.FI diamond,3577,0.11490970109392526
213,0xfe5dbc419d25634e3832ce36ec89cb1fe733598e,delegated,0x67a2403c7f3b80a581a4495234942dc30b5a7c370fbfc9b62e91e77435f0c894,50138184,3300,LI.FI diamond,318,0.000995939922951809
214,0x128f101278135ccad494ad95dd4208b2cc9b07c6,delegated,0x67a2403c7f3b80a581a4495234942dc30b5a7c370fbfc9b62e91e77435f0c894,50138184,6.69,LI.FI diamond,68,0.01162070186855423
215,0xc91d47a9b6e9f900d724899fc096f0c780f2224d,delegated,0xb993a371e6e905502f36362ccf08a470cb5aaee2c759b2612374eba6d8fc512b,50138143,0.016787,LI.FI diamond,25,0.000015076560354766
216,0x6e083ae4619f7c86418e08b8f1e5ffac2c702c85,delegated,0x0a435199897f6ed148114c503539a753868bfd0bb688bc6215b5d0e81e36fb9a,50138126,1.4,LI.FI diamond,1076,0.001313582417464527
217,0x895c51c9fb587a3d5a4dcda5562616a2d7fdb96a,plain,0x77165b8d3f01c8ad3bcc5b4b70f777a0045203af7bb0195fd41daec5b24c8a75,50138094,0.210348,Uniswap universal router,779,0.000015129926756336
218,0x7091fca4806e289195febd624d1be119b3f21ec8,plain,0x5db6d14344b30d4331efeba42218544012bd5f38fdd52a4a07bc082a46dea42e,50138046,20,LI.FI diamond,1580,0.00055679187474368
219,0xf359e9b5143b31dc1cabca3dd837ea66390a7354,plain,0x1e9d5c55e8284d12636d9d17ff8f18cc0e5516437f21aceccd2e4b0503651a11,50138040,5,LI.FI diamond,441,0.002413401461574025
220,0x4cfc2735027379e29443c1e0b8870f2b862f9430,delegated,0x928d0ad066d27028706b98cbcfa49e63ecfca49f748f19d090de315d55bcedfb,50138002,310,LI.FI diamond,7887,0.023636980728018696
221,0x6e7d9ec163925b0351789be92dfd27380813582c,delegated,0x661e47729f42f81901b400d7b462e1fd90d61e0541cb6cf471e3f1b7c7d66722,50138000,10,LI.FI diamond,12,0.004079240815379647
222,0xb505ebd22e4b9b4914277c6e74ac0e3c21632a87,delegated,0x448c68839de1f06eea8c53225bd0c18588d4779647b1546ec57300b8569ff5d9,50137953,1,LI.FI diamond,9868,0.000006430765826398
223,0xa128feb423e0637238c6e483712416de2e214770,delegated,0x0c21b8f14fd0324b3c63b3d14cd12b43271991827897086eb5e4626b7d42fba5,50137947,385.079039,LI.FI diamond,1944,0.006472027343148678
224,0x51876025327ba916572e826127b11169ac479f52,delegated,0xc4c186a008cb1b9271fafb0d80c5720ed4fd6db8439c6e70b474d35cbc269500,50137888,411.18,LI.FI diamond,46,0.00032612405691722
225,0x257f3255ddaf50af690d11507430d954e2bc545e,delegated,0x80c44a0aa977942c096b55ac8c9b87e23c0315604260c9f16c5015e483d46d33,50137857,954.036278,LI.FI diamond,11,0.000201424082045747
226,0x2b96d4d4842eb5eeec226011ff98a08ce5c5074a,delegated,0xc26894f9d990f6a408430fcacf0ef31f476e5b54edc4cbee461bd550b04263ee,50137824,2.11742,LI.FI diamond,3734,0.000936996341258636
227,0x98a050c06e7d5e45fc77dc0f1451e3cd0b26a20c,plain,0x8063b102520fd961f684ef131d5420ed01e8b4f233d3484c10fc29a35b89b640,50137803,103.45,LI.FI diamond,1389,0.03504664977950232
